{"stats":{"minecraft:mined":{"minecraft:grass":2,"minecraft:grass_block":2,"minecraft:oak_log":8,"minecraft:gravel":1,"minecraft:dirt":6,"minecraft:tall_grass":1,"minecraft:stone":36,"minecraft:crafting_table":1,"minecraft:oak_leaves":1},"minecraft:used":{"minecraft:oak_door":1,"minecraft:crafting_table":2,"minecraft:stone_pickaxe":32,"minecraft:wooden_pickaxe":6},"minecraft:picked_up":{"minecraft:crafting_table":1,"minecraft:oak_log":5,"minecraft:dirt":8,"minecraft:cobblestone":32},"minecraft:crafted":{"minecraft:oak_door":3,"minecraft:oak_planks":20,"minecraft:crafting_table":1,"minecraft:stick":4,"minecraft:stone_pickaxe":1,"minecraft:wooden_pickaxe":1},"minecraft:custom":{"minecraft:time_since_rest":4585,"minecraft:play_time":4585,"minecraft:sprint_one_cm":8527,"minecraft:damage_taken":188,"minecraft:walk_one_cm":21005,"minecraft:sneak_time":5,"minecraft:jump":76,"minecraft:damage_dealt":58,"minecraft:leave_game":1,"minecraft:time_since_death":4585,"minecraft:total_world_time":4585,"minecraft:interact_with_crafting_table":3,"minecraft:fall_one_cm":2275,"minecraft:fly_one_cm":16799}},"DataVersion":3465}