{"stats":{"minecraft:used":{"minecraft:stone_sword":72,"minecraft:stone_pickaxe":51,"minecraft:rotten_flesh":12,"minecraft:stone_axe":1,"minecraft:cobblestone":44,"minecraft:crafting_table":2,"minecraft:furnace":1,"minecraft:granite":1,"minecraft:enchanted_golden_apple":1},"minecraft:dropped":{"artifacts:bunny_hoppers":1},"minecraft:custom":{"minecraft:time_since_rest":30013,"minecraft:interact_with_furnace":12,"minecraft:sprint_one_cm":50686,"minecraft:damage_absorbed":147,"minecraft:damage_taken":403,"minecraft:walk_one_cm":125975,"minecraft:mob_kills":2,"minecraft:drop":1,"minecraft:damage_dealt":1009,"minecraft:interact_with_crafting_table":5,"minecraft:fly_one_cm":13936,"minecraft:open_chest":9,"minecraft:crouch_one_cm":1031,"minecraft:play_time":30013,"tombstone:undead_killed":1,"minecraft:sneak_time":131,"minecraft:walk_under_water_one_cm":1973,"minecraft:jump":239,"minecraft:walk_on_water_one_cm":3407,"minecraft:time_since_death":30013,"minecraft:interact_with_smoker":8,"minecraft:total_world_time":30013,"minecraft:damage_resisted":44,"minecraft:fall_one_cm":3364},"minecraft:mined":{"minecraft:iron_ore":34,"minecraft:wheat":2,"minecraft:andesite":2,"minecraft:crafting_table":1,"minecraft:granite":1,"minecraft:grass":1,"minecraft:coal_ore":2,"minecraft:oak_log":11,"minecraft:deepslate_iron_ore":3,"minecraft:cobblestone":2,"minecraft:lapis_ore":2,"minecraft:stone":4,"minecraft:diorite":1},"minecraft:crafted":{"minecraft:oak_planks":24,"minecraft:stone_shovel":1,"minecraft:crafting_table":1,"minecraft:stick":8,"minecraft:iron_ingot":18,"minecraft:stone_pickaxe":1,"minecraft:stone_sword":1,"minecraft:stone_axe":1},"minecraft:picked_up":{"minecraft:raw_iron":37,"minecraft:crafting_table":1,"minecraft:wheat":1,"minecraft:andesite":2,"artifacts:bunny_hoppers":2,"minecraft:oak_log":11,"minecraft:diorite":1,"minecraft:gunpowder":1,"minecraft:lapis_lazuli":10,"minecraft:string":1,"minecraft:wheat_seeds":2,"minecraft:granite":1,"minecraft:coal":2,"minecraft:cobblestone":30},"minecraft:killed":{"minecraft:zombie":1,"artifacts:mimic":1}},"DataVersion":3465}