{"stats":{"minecraft:used":{"minecraft:stone_sword":72,"minecraft:stone_pickaxe":51,"minecraft:rotten_flesh":12,"minecraft:crafting_table":2,"minecraft:granite":1,"minecraft:iron_pickaxe":112,"minecraft:stone_axe":7,"minecraft:cobblestone":75,"minecraft:furnace":1,"minecraft:enchanted_golden_apple":1},"minecraft:dropped":{"minecraft:diamond":1,"minecraft:andesite":2,"artifacts:bunny_hoppers":1},"minecraft:custom":{"minecraft:interact_with_furnace":15,"minecraft:mob_kills":2,"minecraft:interact_with_crafting_table":9,"minecraft:leave_game":1,"minecraft:time_since_death":40816,"minecraft:damage_resisted":44,"minecraft:time_since_rest":40816,"minecraft:sprint_one_cm":60603,"minecraft:walk_one_cm":166196,"minecraft:damage_taken":448,"minecraft:damage_absorbed":147,"minecraft:drop":3,"minecraft:damage_dealt":1009,"minecraft:fly_one_cm":23706,"minecraft:open_chest":11,"minecraft:crouch_one_cm":1266,"minecraft:play_time":40816,"tombstone:undead_killed":1,"minecraft:sneak_time":185,"minecraft:walk_under_water_one_cm":1973,"minecraft:jump":360,"minecraft:walk_on_water_one_cm":3407,"minecraft:interact_with_smoker":10,"minecraft:total_world_time":40816,"minecraft:fall_one_cm":5908},"minecraft:mined":{"minecraft:candle":1,"minecraft:smoker":1,"minecraft:crafting_table":2,"minecraft:granite":2,"minecraft:chest":1,"minecraft:campfire":1,"minecraft:cobblestone":5,"minecraft:lapis_ore":2,"minecraft:cartography_table":1,"minecraft:diorite":19,"minecraft:spawner":1,"minecraft:furnace":1,"minecraft:iron_ore":37,"minecraft:barrel":1,"minecraft:wheat":2,"minecraft:gray_bed":1,"minecraft:andesite":2,"minecraft:grass":1,"minecraft:oak_log":11,"minecraft:coal_ore":2,"minecraft:deepslate_iron_ore":3,"car:asphalt_slab":2,"minecraft:stone":84,"minecraft:potted_red_tulip":1},"minecraft:crafted":{"minecraft:oak_planks":32,"minecraft:stone_shovel":1,"minecraft:crafting_table":1,"minecraft:iron_sword":1,"minecraft:stone_axe":1,"minecraft:iron_boots":1,"minecraft:iron_chestplate":1,"minecraft:stick":12,"minecraft:iron_ingot":37,"minecraft:iron_pickaxe":1,"minecraft:stone_pickaxe":1,"minecraft:stone_sword":1,"minecraft:iron_leggings":1},"minecraft:picked_up":{"minecraft:charcoal":2,"minecraft:crafting_table":2,"minecraft:wheat":1,"minecraft:flower_pot":1,"minecraft:andesite":4,"artifacts:bunny_hoppers":2,"minecraft:smoker":1,"minecraft:oak_log":14,"minecraft:gunpowder":1,"minecraft:lapis_lazuli":10,"minecraft:string":1,"minecraft:candle":4,"minecraft:cartography_table":1,"minecraft:wheat_seeds":2,"minecraft:gray_bed":1,"minecraft:chest":1,"car:asphalt_slab":2,"minecraft:furnace":1,"minecraft:raw_iron":40,"minecraft:diorite":19,"minecraft:barrel":1,"minecraft:rotten_flesh":1,"minecraft:granite":2,"minecraft:red_tulip":1,"minecraft:coal":2,"minecraft:cobblestone":112},"minecraft:killed":{"minecraft:zombie":1,"artifacts:mimic":1}},"DataVersion":3465}