{"stats":{"minecraft:used":{"minecraft:peony":14,"minecraft:stone_sword":72,"minecraft:cobblestone_stairs":10,"minecraft:stone_shovel":183,"minecraft:stone_pickaxe":51,"minecraft:oak_planks":315,"minecraft:chest":1,"minecraft:iron_sword":83,"minecraft:rotten_flesh":17,"minecraft:oak_door":9,"minecraft:torch":2,"minecraft:crafting_table":4,"minecraft:granite":1,"minecraft:smoker":1,"tombstone:bag_of_seeds":1,"alexsmobs:maggot":1,"minecraft:flower_pot":2,"minecraft:iron_pickaxe":155,"minecraft:stone_axe":52,"minecraft:cobblestone":224,"minecraft:furnace":2,"minecraft:gray_bed":2,"tombstone:gift":2,"minecraft:enchanted_golden_apple":1},"minecraft:custom":{"minecraft:interact_with_furnace":16,"minecraft:mob_kills":5,"minecraft:interact_with_crafting_table":16,"minecraft:pot_flower":2,"minecraft:leave_game":1,"minecraft:time_since_death":76816,"minecraft:sleep_in_bed":2,"minecraft:damage_resisted":44,"minecraft:time_since_rest":20816,"minecraft:sprint_one_cm":121260,"minecraft:walk_one_cm":452005,"minecraft:damage_taken":569,"minecraft:damage_absorbed":147,"minecraft:drop":48,"minecraft:damage_dealt":2523,"minecraft:player_kills":5,"minecraft:fly_one_cm":43606,"minecraft:open_chest":22,"minecraft:crouch_one_cm":2848,"minecraft:play_time":76816,"tombstone:undead_killed":3,"minecraft:sneak_time":485,"minecraft:walk_under_water_one_cm":1973,"tombstone:tomb_raiding":1,"minecraft:jump":573,"minecraft:walk_on_water_one_cm":3407,"minecraft:interact_with_smoker":10,"minecraft:total_world_time":76816,"minecraft:fall_one_cm":12224},"minecraft:dropped":{"minecraft:enchanted_book":3,"minecraft:wheat_seeds":1,"minecraft:lilac":1,"minecraft:cobbled_deepslate":2,"minecraft:diamond":1,"minecraft:cobblestone":59,"minecraft:rotten_flesh":2,"minecraft:cooked_mutton":4,"minecraft:white_bed":1,"minecraft:coal":17,"minecraft:carrot":6,"minecraft:stick":16,"minecraft:dirt":5,"minecraft:potato":7,"iceandfire:ghost_chest":2,"tombstone:magic_scroll":1,"minecraft:andesite":2,"minecraft:wooden_pickaxe":1,"minecraft:iron_pickaxe":1,"artifacts:bunny_hoppers":1},"minecraft:mined":{"minecraft:candle":1,"minecraft:oak_door":4,"minecraft:smoker":1,"minecraft:cobblestone_stairs":2,"minecraft:crafting_table":3,"minecraft:granite":2,"minecraft:grass_block":180,"minecraft:chest":1,"minecraft:campfire":1,"minecraft:tall_grass":2,"minecraft:cobblestone":40,"minecraft:lapis_ore":2,"minecraft:oak_planks":9,"minecraft:cartography_table":1,"minecraft:diorite":19,"minecraft:spawner":1,"minecraft:furnace":1,"minecraft:iron_ore":37,"minecraft:barrel":1,"minecraft:wheat":2,"minecraft:lilac":1,"minecraft:gray_bed":2,"minecraft:andesite":2,"minecraft:peony":3,"minecraft:grass":12,"minecraft:oak_log":26,"minecraft:coal_ore":2,"minecraft:deepslate_iron_ore":3,"minecraft:sunflower":2,"minecraft:dirt":1,"car:asphalt_slab":2,"minecraft:stone":84,"minecraft:potted_red_tulip":2,"minecraft:oak_leaves":9},"minecraft:crafted":{"minecraft:oak_door":3,"minecraft:oak_planks":358,"minecraft:stone_shovel":2,"minecraft:crafting_table":1,"minecraft:iron_sword":1,"minecraft:cobblestone_stairs":32,"minecraft:stone_axe":1,"minecraft:iron_boots":1,"minecraft:iron_chestplate":1,"minecraft:stick":12,"minecraft:iron_ingot":37,"minecraft:iron_pickaxe":1,"minecraft:stone_pickaxe":1,"minecraft:stone_sword":1,"minecraft:iron_leggings":1},"minecraft:broken":{"minecraft:stone_shovel":1},"minecraft:picked_up":{"minecraft:charcoal":2,"minecraft:crafting_table":3,"minecraft:wheat":1,"minecraft:lilac":2,"minecraft:flower_pot":2,"minecraft:andesite":4,"artifacts:bunny_hoppers":2,"minecraft:smoker":1,"minecraft:oak_log":29,"minecraft:gunpowder":1,"minecraft:cobblestone_stairs":2,"minecraft:lapis_lazuli":10,"minecraft:dirt":448,"minecraft:string":1,"minecraft:candle":4,"minecraft:cartography_table":1,"minecraft:wheat_seeds":4,"minecraft:beef":2,"tombstone:bag_of_seeds":1,"minecraft:gray_bed":2,"minecraft:chest":1,"minecraft:oak_planks":11,"car:asphalt_slab":2,"minecraft:furnace":1,"minecraft:stick":1,"minecraft:raw_iron":40,"minecraft:oak_door":4,"minecraft:torch":2,"minecraft:diorite":19,"minecraft:barrel":1,"minecraft:rotten_flesh":7,"minecraft:peony":14,"minecraft:granite":2,"minecraft:red_tulip":2,"alexsmobs:maggot":1,"minecraft:coal":2,"minecraft:cobblestone":147},"minecraft:killed":{"minecraft:zombie":3,"alexsmobs:fly":1,"artifacts:mimic":1}},"DataVersion":3465}