{"stats":{"minecraft:used":{"minecraft:peony":14,"minecraft:stone_sword":72,"minecraft:flint_and_steel":1,"minecraft:stone_shovel":209,"minecraft:chest":1,"minecraft:iron_sword":153,"minecraft:cooked_chicken":1,"minecraft:rotten_flesh":19,"minecraft:oak_door":10,"minecraft:torch":3,"minecraft:dirt":31,"minecraft:carrot":1,"minecraft:granite":1,"minecraft:glass":36,"alexsmobs:maggot":1,"minecraft:oak_sapling":1,"minecraft:furnace":2,"minecraft:gray_bed":2,"tombstone:gift":6,"minecraft:cooked_beef":2,"minecraft:enchanted_golden_apple":1,"minecraft:wheat_seeds":53,"minecraft:water_bucket":78,"minecraft:cobblestone_stairs":23,"minecraft:stone_pickaxe":51,"minecraft:oak_planks":395,"minecraft:cartography_table":1,"minecraft:cobblestone_slab":213,"minecraft:crafting_table":8,"minecraft:oak_slab":327,"minecraft:smoker":1,"tombstone:bag_of_seeds":1,"minecraft:flower_pot":2,"minecraft:bread":4,"minecraft:iron_pickaxe":316,"tombstone:grave_key":2,"minecraft:stone_axe":121,"minecraft:cobblestone":235,"minecraft:bucket":79},"minecraft:custom":{"minecraft:mob_kills":7,"minecraft:interact_with_crafting_table":37,"minecraft:leave_game":1,"minecraft:time_since_death":68333,"minecraft:damage_resisted":44,"minecraft:sprint_one_cm":290339,"minecraft:walk_one_cm":965360,"minecraft:drop":75,"minecraft:play_time":154816,"minecraft:deaths":1,"minecraft:sneak_time":4488,"minecraft:walk_under_water_one_cm":15099,"tombstone:tomb_raiding":1,"minecraft:jump":1186,"minecraft:walk_on_water_one_cm":16949,"minecraft:total_world_time":154816,"minecraft:interact_with_furnace":44,"minecraft:interact_with_cartography_table":1,"minecraft:pot_flower":2,"minecraft:sleep_in_bed":3,"minecraft:time_since_rest":58435,"minecraft:damage_absorbed":147,"minecraft:damage_taken":956,"minecraft:trigger_trapped_chest":3,"minecraft:damage_dealt":3744,"minecraft:fly_one_cm":121087,"minecraft:player_kills":5,"minecraft:open_chest":43,"minecraft:crouch_one_cm":22294,"tombstone:undead_killed":4,"minecraft:interact_with_smoker":15,"minecraft:fall_one_cm":45590},"minecraft:dropped":{"minecraft:iron_ingot":9,"minecraft:enchanted_book":3,"minecraft:wheat_seeds":15,"minecraft:lilac":1,"minecraft:diamond":1,"minecraft:cobblestone":59,"minecraft:coal":17,"minecraft:stick":16,"minecraft:dirt":5,"tombstone:magic_scroll":1,"minecraft:iron_pickaxe":1,"artifacts:bunny_hoppers":1,"minecraft:cobbled_deepslate":2,"minecraft:rotten_flesh":2,"minecraft:cooked_mutton":4,"minecraft:white_bed":1,"minecraft:carrot":6,"minecraft:pumpkin_seeds":3,"minecraft:flint_and_steel":1,"minecraft:potato":7,"iceandfire:ghost_chest":2,"minecraft:andesite":2,"minecraft:beetroot_seeds":1,"minecraft:melon_seeds":1,"minecraft:wooden_pickaxe":1},"minecraft:mined":{"minecraft:candle":1,"minecraft:oak_door":5,"minecraft:cherry_log":9,"minecraft:cobblestone_stairs":14,"minecraft:granite":2,"minecraft:grass_block":191,"minecraft:cartography_table":1,"minecraft:spawner":1,"minecraft:furnace":1,"minecraft:iron_ore":40,"minecraft:fire":5,"minecraft:barrel":1,"minecraft:andesite":2,"minecraft:peony":4,"minecraft:deepslate_iron_ore":3,"minecraft:cobblestone_slab":22,"minecraft:stone":108,"minecraft:oak_slab":18,"minecraft:smoker":1,"minecraft:crafting_table":3,"iceandfire:ghost_chest":1,"minecraft:chest":1,"minecraft:campfire":1,"minecraft:glass":1,"minecraft:tall_grass":3,"minecraft:cobblestone":138,"minecraft:lapis_ore":2,"minecraft:oak_planks":16,"minecraft:diorite":20,"minecraft:wheat":32,"minecraft:lilac":1,"minecraft:gray_bed":2,"minecraft:grass":13,"minecraft:coal_ore":2,"minecraft:oak_log":45,"minecraft:cherry_leaves":9,"minecraft:gravel":9,"minecraft:sunflower":3,"minecraft:dirt":16,"car:asphalt_slab":2,"minecraft:potted_red_tulip":2,"minecraft:oak_leaves":17},"minecraft:crafted":{"minecraft:oak_door":3,"minecraft:oak_planks":434,"minecraft:cobblestone_slab":162,"minecraft:stone_shovel":2,"minecraft:cooked_chicken":1,"minecraft:cobblestone_stairs":32,"minecraft:flint_and_steel":1,"minecraft:glass":36,"minecraft:iron_boots":1,"minecraft:stone_pickaxe":1,"minecraft:cooked_beef":2,"minecraft:oak_slab":324,"minecraft:crafting_table":2,"minecraft:iron_sword":1,"minecraft:stone_axe":1,"minecraft:bread":4,"minecraft:air":0,"minecraft:iron_chestplate":1,"minecraft:stick":16,"minecraft:iron_pickaxe":2,"minecraft:iron_ingot":37,"minecraft:stone_sword":1,"minecraft:iron_leggings":1},"minecraft:killed_by":{"iceandfire:ghost":1},"minecraft:broken":{"minecraft:stone_axe":1,"minecraft:iron_pickaxe":1,"minecraft:iron_helmet":1,"minecraft:stone_shovel":1},"minecraft:picked_up":{"minecraft:charcoal":2,"minecraft:crafting_table":6,"minecraft:wheat":33,"minecraft:chicken":1,"minecraft:flower_pot":2,"artifacts:bunny_hoppers":2,"minecraft:string":1,"minecraft:cartography_table":1,"minecraft:candle":4,"minecraft:bucket":1,"minecraft:beef":2,"minecraft:cobblestone_slab":31,"minecraft:poppy":1,"minecraft:chest":1,"minecraft:furnace":1,"minecraft:stick":2,"minecraft:raw_iron":43,"minecraft:oak_door":6,"minecraft:torch":3,"minecraft:cherry_log":9,"minecraft:diorite":20,"minecraft:carrot":1,"minecraft:rotten_flesh":9,"minecraft:peony":17,"minecraft:red_tulip":2,"minecraft:cobblestone":266,"minecraft:lilac":2,"minecraft:andesite":4,"minecraft:smoker":1,"minecraft:flint":1,"minecraft:oak_log":48,"minecraft:gunpowder":1,"minecraft:cobblestone_stairs":14,"minecraft:lapis_lazuli":10,"minecraft:dirt":474,"minecraft:apple":1,"minecraft:wheat_seeds":94,"minecraft:iron_ingot":1,"tombstone:bag_of_seeds":1,"minecraft:gray_bed":2,"minecraft:oak_planks":82,"car:asphalt_slab":2,"minecraft:oak_slab":20,"minecraft:gravel":7,"minecraft:barrel":1,"minecraft:granite":2,"alexsmobs:maggot":1,"minecraft:oak_sapling":4,"minecraft:coal":2,"minecraft:sunflower":1},"minecraft:killed":{"minecraft:chicken":1,"artifacts:mimic":1,"minecraft:zombie":3,"iceandfire:ghost":1,"alexsmobs:fly":1}},"DataVersion":3465}