{"stats":{"minecraft:used":{"minecraft:stone_sword":10,"minecraft:stone_shovel":23,"minecraft:baked_potato":3,"minecraft:oak_planks":108,"minecraft:wooden_pickaxe":21,"minecraft:oak_door":5,"minecraft:dirt":24,"minecraft:crafting_table":6,"minecraft:oak_log":16,"minecraft:glass":22,"minecraft:apple":1,"minecraft:iron_axe":13,"minecraft:oak_stairs":28,"minecraft:iron_pickaxe":2,"minecraft:stone_axe":1,"furnitura:oak_table":1,"minecraft:furnace":2,"tombstone:gift":2,"minecraft:potato":3},"minecraft:dropped":{"minecraft:stone_axe":1,"car:canola_seeds":4,"minecraft:wheat_seeds":4,"minecraft:lilac":1,"minecraft:rotten_flesh":4,"tombstone:grave_dust":1,"minecraft:stone_pickaxe":1,"minecraft:wooden_pickaxe":1},"minecraft:custom":{"minecraft:interact_with_furnace":8,"minecraft:mob_kills":3,"minecraft:interact_with_crafting_table":12,"minecraft:leave_game":1,"minecraft:time_since_death":22844,"minecraft:time_since_rest":21967,"minecraft:sprint_one_cm":141717,"minecraft:damage_taken":519,"minecraft:walk_one_cm":105001,"minecraft:drop":16,"minecraft:damage_dealt":452,"minecraft:swim_one_cm":2227,"minecraft:fly_one_cm":114649,"minecraft:open_chest":9,"minecraft:crouch_one_cm":1282,"minecraft:play_time":39487,"tombstone:undead_killed":3,"minecraft:deaths":2,"minecraft:sneak_time":224,"minecraft:walk_under_water_one_cm":108,"minecraft:jump":515,"minecraft:walk_on_water_one_cm":2803,"minecraft:total_world_time":39487,"minecraft:fall_one_cm":13663},"minecraft:mined":{"minecraft:white_bed":2,"minecraft:oak_door":1,"minecraft:crafting_table":4,"minecraft:grass_block":20,"minecraft:tall_grass":4,"minecraft:oak_planks":5,"minecraft:furnace":1,"minecraft:iron_ore":1,"minecraft:lilac":1,"minecraft:grass":40,"minecraft:oak_log":6,"minecraft:oak_stairs":4,"minecraft:dirt":1,"minecraft:stone":17,"minecraft:oak_leaves":1},"minecraft:crafted":{"minecraft:oak_door":3,"minecraft:oak_planks":216,"minecraft:stone_shovel":1,"minecraft:crafting_table":2,"minecraft:wooden_pickaxe":1,"minecraft:baked_potato":4,"minecraft:furnace":1,"minecraft:stone_axe":1,"minecraft:air":0,"aether:iron_gloves":1,"minecraft:iron_boots":1,"minecraft:iron_axe":1,"minecraft:stick":20,"furnitura:oak_table":1,"minecraft:iron_pickaxe":1,"minecraft:stone_pickaxe":1,"minecraft:oak_stairs":24,"minecraft:stone_sword":1},"minecraft:killed_by":{"minecraft:player":1},"minecraft:picked_up":{"minecraft:crafting_table":4,"minecraft:lilac":1,"minecraft:potato":7,"minecraft:oak_stairs":4,"minecraft:oak_log":70,"minecraft:string":1,"minecraft:dirt":27,"minecraft:apple":1,"minecraft:wheat_seeds":6,"minecraft:oak_planks":7,"minecraft:furnace":1,"minecraft:raw_iron":1,"minecraft:oak_door":2,"car:canola_seeds":4,"tombstone:grave_dust":1,"minecraft:rotten_flesh":4,"minecraft:cobblestone":19},"minecraft:killed":{"minecraft:zombie":3}},"DataVersion":3465}