{"stats":{"minecraft:used":{"minecraft:stone_sword":10,"minecraft:apple":1,"minecraft:iron_axe":2,"minecraft:baked_potato":2,"minecraft:wooden_pickaxe":21,"minecraft:stone_axe":1,"minecraft:crafting_table":5,"minecraft:furnace":1,"tombstone:gift":2,"minecraft:potato":3},"minecraft:dropped":{"minecraft:stone_axe":1,"car:canola_seeds":3,"minecraft:wheat_seeds":3,"minecraft:lilac":1,"tombstone:grave_dust":1,"minecraft:rotten_flesh":4,"minecraft:stone_pickaxe":1,"minecraft:wooden_pickaxe":1},"minecraft:custom":{"minecraft:time_since_rest":9967,"minecraft:interact_with_furnace":6,"minecraft:sprint_one_cm":105560,"minecraft:damage_taken":440,"minecraft:walk_one_cm":55352,"minecraft:mob_kills":3,"minecraft:drop":14,"minecraft:damage_dealt":442,"minecraft:swim_one_cm":2227,"minecraft:interact_with_crafting_table":6,"minecraft:fly_one_cm":96445,"minecraft:open_chest":7,"minecraft:crouch_one_cm":179,"minecraft:play_time":27487,"tombstone:undead_killed":3,"minecraft:deaths":2,"minecraft:sneak_time":44,"minecraft:walk_under_water_one_cm":108,"minecraft:jump":383,"minecraft:leave_game":1,"minecraft:time_since_death":10844,"minecraft:walk_on_water_one_cm":2803,"minecraft:total_world_time":27487,"minecraft:fall_one_cm":9697},"minecraft:mined":{"minecraft:white_bed":2,"minecraft:lilac":1,"minecraft:crafting_table":3,"minecraft:grass":35,"minecraft:oak_log":6,"minecraft:tall_grass":4,"minecraft:stone":17,"minecraft:oak_leaves":1},"minecraft:crafted":{"minecraft:oak_planks":32,"minecraft:stone_shovel":1,"minecraft:iron_boots":1,"minecraft:iron_axe":1,"minecraft:crafting_table":2,"minecraft:stick":20,"minecraft:baked_potato":3,"minecraft:iron_pickaxe":1,"minecraft:wooden_pickaxe":1,"minecraft:stone_pickaxe":1,"minecraft:stone_sword":1,"minecraft:furnace":1,"minecraft:stone_axe":1,"minecraft:air":0},"minecraft:killed_by":{"minecraft:player":1},"minecraft:picked_up":{"minecraft:crafting_table":3,"minecraft:lilac":1,"car:canola_seeds":3,"minecraft:potato":7,"minecraft:oak_log":70,"tombstone:grave_dust":1,"minecraft:string":1,"minecraft:rotten_flesh":4,"minecraft:apple":1,"minecraft:wheat_seeds":3,"minecraft:cobblestone":17},"minecraft:killed":{"minecraft:zombie":3}},"DataVersion":3465}