{"stats":{"minecraft:used":{"minecraft:moss_block":2,"minecraft:cooked_mutton":4,"minecraft:stone_sword":88,"minecraft:stone_shovel":39,"minecraft:baked_potato":4,"minecraft:oak_planks":168,"minecraft:oak_sign":2,"minecraft:shield":17,"minecraft:chest":2,"minecraft:wooden_pickaxe":21,"minecraft:oak_door":5,"minecraft:torch":2,"minecraft:dirt":39,"minecraft:mutton":3,"minecraft:crafting_table":7,"minecraft:oak_log":18,"minecraft:glass":22,"minecraft:apple":3,"minecraft:iron_axe":192,"minecraft:oak_stairs":97,"minecraft:bread":4,"minecraft:suspicious_stew":2,"minecraft:iron_pickaxe":91,"furnitura:oak_park_bench":2,"minecraft:stone_axe":1,"furnitura:oak_table":3,"minecraft:cobblestone":14,"minecraft:furnace":2,"tombstone:gift":3,"minecraft:cooked_beef":2,"minecraft:potato":3},"minecraft:dropped":{"minecraft:oak_slab":1,"minecraft:stone_axe":1,"car:canola_seeds":5,"minecraft:kelp":1,"minecraft:wheat_seeds":11,"minecraft:lilac":1,"minecraft:stone_sword":1,"minecraft:bowl":2,"minecraft:wheat":1,"minecraft:oak_fence":1,"minecraft:rotten_flesh":19,"minecraft:dirt":1,"minecraft:bundle":1,"minecraft:oak_sapling":3,"tombstone:grave_dust":1,"minecraft:spider_eye":1,"minecraft:sunflower":1,"minecraft:stone_pickaxe":1,"minecraft:wooden_pickaxe":1,"minecraft:string":1},"minecraft:custom":{"minecraft:interact_with_furnace":21,"minecraft:mob_kills":26,"minecraft:interact_with_crafting_table":30,"minecraft:leave_game":1,"minecraft:time_since_death":70844,"minecraft:time_since_rest":69967,"minecraft:sprint_one_cm":311199,"minecraft:damage_taken":1339,"minecraft:walk_one_cm":245561,"minecraft:damage_blocked_by_shield":315,"minecraft:drop":52,"minecraft:damage_dealt":4273,"minecraft:swim_one_cm":33316,"minecraft:fly_one_cm":252830,"minecraft:open_chest":28,"minecraft:crouch_one_cm":9953,"minecraft:play_time":87487,"tombstone:undead_killed":17,"minecraft:deaths":2,"minecraft:sneak_time":2215,"minecraft:walk_under_water_one_cm":5811,"minecraft:jump":1220,"minecraft:walk_on_water_one_cm":9116,"minecraft:total_world_time":87487,"minecraft:fall_one_cm":34087},"minecraft:mined":{"minecraft:white_bed":2,"iceandfire:silver_ore":6,"minecraft:oak_door":1,"minecraft:crafting_table":5,"minecraft:torch":1,"minecraft:grass_block":25,"furnitura:oak_park_bench":1,"minecraft:tall_grass":13,"minecraft:oak_planks":24,"minecraft:kelp":1,"minecraft:oak_wall_sign":2,"minecraft:wall_torch":1,"furnitura:oak_table":2,"minecraft:furnace":1,"minecraft:iron_ore":11,"minecraft:lilac":1,"minecraft:grass":95,"minecraft:coal_ore":46,"minecraft:oak_log":139,"minecraft:oak_stairs":9,"minecraft:sunflower":1,"minecraft:dirt":12,"minecraft:stripped_oak_log":2,"minecraft:stone":44,"minecraft:oak_leaves":11},"minecraft:crafted":{"minecraft:cooked_beef":2,"minecraft:oak_door":3,"minecraft:oak_planks":724,"minecraft:stone_shovel":1,"minecraft:crafting_table":3,"minecraft:wooden_pickaxe":1,"minecraft:baked_potato":4,"minecraft:furnace":1,"furnitura:oak_park_bench":1,"minecraft:stone_axe":1,"minecraft:bread":4,"minecraft:cooked_mutton":4,"minecraft:air":0,"aether:iron_gloves":1,"minecraft:iron_boots":1,"minecraft:shield":1,"minecraft:iron_axe":1,"minecraft:stick":32,"minecraft:iron_ingot":3,"furnitura:oak_table":1,"minecraft:iron_pickaxe":1,"minecraft:stone_pickaxe":1,"minecraft:oak_stairs":116,"minecraft:stone_sword":1,"minecraft:chest":2,"minecraft:shears":1},"minecraft:killed_by":{"minecraft:player":1},"minecraft:picked_up":{"minecraft:stripped_oak_log":2,"minecraft:crafting_table":5,"minecraft:lilac":1,"minecraft:potato":7,"minecraft:oak_stairs":9,"minecraft:oak_log":201,"furnitura:oak_table":2,"minecraft:string":4,"minecraft:dirt":40,"minecraft:oak_sign":2,"minecraft:apple":3,"minecraft:kelp":1,"minecraft:wheat_seeds":13,"minecraft:beef":2,"minecraft:light_gray_wool":1,"minecraft:oak_planks":25,"minecraft:furnace":1,"minecraft:oak_slab":1,"minecraft:stick":3,"minecraft:raw_iron":11,"minecraft:cooked_porkchop":3,"minecraft:oak_door":2,"minecraft:oak_fence":1,"minecraft:torch":2,"car:canola_seeds":5,"minecraft:porkchop":4,"tombstone:grave_dust":3,"minecraft:bundle":2,"artifacts:cowboy_hat":1,"furnitura:oak_park_bench":1,"minecraft:spider_eye":1,"minecraft:stone_sword":1,"minecraft:rotten_flesh":19,"minecraft:oak_sapling":3,"minecraft:mutton":5,"minecraft:coal":47,"iceandfire:raw_silver":6,"minecraft:white_wool":3,"minecraft:cobblestone":45,"minecraft:sunflower":1},"minecraft:killed":{"minecraft:pig":2,"minecraft:spider":2,"minecraft:creeper":1,"minecraft:sheep":4,"minecraft:zombie":17}},"DataVersion":3465}