{"stats":{"minecraft:used":{"minecraft:stone_sword":10,"minecraft:stone_shovel":29,"minecraft:baked_potato":4,"minecraft:oak_planks":124,"minecraft:chest":2,"minecraft:wooden_pickaxe":21,"minecraft:oak_door":5,"minecraft:dirt":32,"minecraft:crafting_table":6,"minecraft:oak_log":16,"minecraft:glass":22,"minecraft:apple":3,"minecraft:iron_axe":156,"minecraft:oak_stairs":80,"minecraft:iron_pickaxe":18,"minecraft:stone_axe":1,"furnitura:oak_table":1,"minecraft:furnace":2,"tombstone:gift":2,"minecraft:potato":3},"minecraft:dropped":{"minecraft:stone_axe":1,"car:canola_seeds":4,"minecraft:kelp":1,"minecraft:wheat_seeds":9,"minecraft:lilac":1,"minecraft:rotten_flesh":4,"minecraft:dirt":1,"minecraft:oak_sapling":3,"tombstone:grave_dust":1,"minecraft:stone_pickaxe":1,"minecraft:wooden_pickaxe":1},"minecraft:custom":{"minecraft:interact_with_furnace":8,"minecraft:mob_kills":3,"minecraft:interact_with_crafting_table":17,"minecraft:leave_game":1,"minecraft:time_since_death":34844,"minecraft:time_since_rest":33967,"minecraft:sprint_one_cm":190227,"minecraft:damage_taken":636,"minecraft:walk_one_cm":126507,"minecraft:drop":26,"minecraft:damage_dealt":452,"minecraft:swim_one_cm":21541,"minecraft:fly_one_cm":158322,"minecraft:open_chest":11,"minecraft:crouch_one_cm":6244,"minecraft:play_time":51487,"tombstone:undead_killed":3,"minecraft:deaths":2,"minecraft:sneak_time":1006,"minecraft:walk_under_water_one_cm":3623,"minecraft:jump":711,"minecraft:walk_on_water_one_cm":7072,"minecraft:total_world_time":51487,"minecraft:fall_one_cm":18681},"minecraft:mined":{"minecraft:white_bed":2,"minecraft:oak_door":1,"minecraft:crafting_table":4,"minecraft:grass_block":21,"minecraft:tall_grass":8,"minecraft:oak_planks":8,"minecraft:kelp":1,"minecraft:furnace":1,"minecraft:iron_ore":3,"minecraft:lilac":1,"minecraft:grass":68,"minecraft:oak_log":135,"minecraft:oak_stairs":6,"minecraft:dirt":6,"minecraft:stone":31,"minecraft:oak_leaves":10},"minecraft:crafted":{"minecraft:oak_door":3,"minecraft:oak_planks":468,"minecraft:stone_shovel":1,"minecraft:crafting_table":2,"minecraft:wooden_pickaxe":1,"minecraft:baked_potato":4,"minecraft:furnace":1,"minecraft:stone_axe":1,"minecraft:air":0,"aether:iron_gloves":1,"minecraft:iron_boots":1,"minecraft:iron_axe":1,"minecraft:stick":24,"furnitura:oak_table":1,"minecraft:iron_pickaxe":1,"minecraft:stone_pickaxe":1,"minecraft:oak_stairs":116,"minecraft:stone_sword":1,"minecraft:chest":2},"minecraft:killed_by":{"minecraft:player":1},"minecraft:picked_up":{"minecraft:crafting_table":4,"minecraft:lilac":1,"minecraft:potato":7,"minecraft:oak_stairs":6,"minecraft:oak_log":197,"minecraft:string":1,"minecraft:dirt":33,"minecraft:apple":3,"minecraft:kelp":1,"minecraft:wheat_seeds":11,"minecraft:oak_planks":10,"minecraft:furnace":1,"minecraft:stick":3,"minecraft:raw_iron":3,"minecraft:oak_door":2,"car:canola_seeds":4,"tombstone:grave_dust":1,"minecraft:rotten_flesh":4,"minecraft:oak_sapling":3,"minecraft:cobblestone":33},"minecraft:killed":{"minecraft:zombie":3}},"DataVersion":3465}