{"stats":{"minecraft:used":{"minecraft:moss_block":2,"minecraft:stone_sword":88,"iceandfire:silver_sword":8,"minecraft:flint_and_steel":3,"minecraft:stone_shovel":146,"minecraft:oak_sign":2,"minecraft:chest":2,"minecraft:shield":20,"minecraft:stone_hoe":42,"minecraft:oak_door":7,"minecraft:torch":2,"minecraft:dirt":89,"minecraft:anvil":1,"minecraft:mutton":5,"minecraft:carrot":5,"minecraft:glass":22,"minecraft:iron_axe":192,"minecraft:oak_stairs":97,"furnitura:oak_park_bench":2,"minecraft:furnace":2,"tombstone:gift":3,"minecraft:potato":3,"minecraft:cooked_beef":2,"minecraft:wheat_seeds":2,"minecraft:cooked_mutton":4,"minecraft:water_bucket":18,"minecraft:oak_planks":295,"minecraft:baked_potato":4,"minecraft:wooden_pickaxe":21,"minecraft:oak_leaves":2,"minecraft:crafting_table":7,"minecraft:white_bed":1,"iceandfire:silver_axe":32,"minecraft:shears":2,"minecraft:oak_log":18,"minecraft:wooden_hoe":9,"minecraft:apple":3,"minecraft:bread":4,"minecraft:iron_pickaxe":138,"minecraft:suspicious_stew":2,"minecraft:stone_axe":1,"minecraft:pink_petals":22,"furnitura:oak_table":3,"minecraft:cobblestone":16,"minecraft:cooked_porkchop":6,"minecraft:bucket":19,"minecraft:yellow_bed":2},"minecraft:custom":{"minecraft:mob_kills":28,"minecraft:interact_with_crafting_table":52,"minecraft:leave_game":1,"minecraft:time_since_death":112844,"minecraft:sprint_one_cm":472562,"minecraft:walk_one_cm":383009,"minecraft:damage_blocked_by_shield":397,"minecraft:drop":95,"minecraft:play_time":129487,"minecraft:sneak_time":3748,"minecraft:deaths":2,"minecraft:walk_under_water_one_cm":6819,"tombstone:tomb_raiding":1,"minecraft:jump":1732,"minecraft:walk_on_water_one_cm":10164,"minecraft:total_world_time":129487,"minecraft:interact_with_furnace":38,"minecraft:time_since_rest":111967,"minecraft:damage_taken":1613,"minecraft:damage_dealt":4706,"minecraft:player_kills":1,"minecraft:swim_one_cm":38939,"minecraft:fly_one_cm":353102,"minecraft:open_chest":69,"minecraft:crouch_one_cm":15158,"tombstone:undead_killed":17,"minecraft:fall_one_cm":48225},"minecraft:dropped":{"minecraft:stone_hoe":1,"minecraft:enchanted_book":1,"minecraft:iron_ingot":4,"minecraft:iron_sword":1,"minecraft:oak_slab":2,"minecraft:wheat_seeds":16,"minecraft:lilac":1,"minecraft:diamond":1,"minecraft:oak_fence":5,"minecraft:feather":7,"minecraft:dirt":1,"minecraft:gray_wool":1,"minecraft:torch":2,"alexsmobs:flying_fish":1,"minecraft:diamond_helmet":1,"tombstone:grave_dust":1,"minecraft:oak_stairs":12,"minecraft:sunflower":1,"minecraft:iron_axe":1,"minecraft:iron_pickaxe":1,"minecraft:iron_shovel":1,"minecraft:string":3,"minecraft:bucket":1,"minecraft:bone":7,"minecraft:stone_axe":1,"car:canola_seeds":5,"minecraft:kelp":1,"alexsmobs:animal_dictionary":1,"minecraft:stone_sword":4,"minecraft:raw_copper":5,"minecraft:bowl":2,"minecraft:wheat":2,"minecraft:raw_iron":2,"minecraft:rotten_flesh":19,"minecraft:oak_planks":64,"minecraft:iron_hoe":1,"minecraft:cooked_mutton":1,"minecraft:oak_sign":1,"minecraft:glass_pane":5,"minecraft:carrot":2,"minecraft:flint_and_steel":1,"minecraft:shield":1,"aether:iron_gloves":1,"minecraft:bundle":1,"minecraft:oak_sapling":3,"minecraft:spider_eye":1,"minecraft:arrow":2,"minecraft:beef":1,"minecraft:wooden_pickaxe":1,"minecraft:stone_pickaxe":1},"minecraft:mined":{"minecraft:white_bed":3,"iceandfire:silver_ore":6,"minecraft:oak_door":1,"minecraft:grass_block":99,"minecraft:kelp":1,"minecraft:oak_wall_sign":2,"minecraft:furnace":1,"minecraft:fire":54,"minecraft:iron_ore":13,"minecraft:oak_stairs":9,"minecraft:stripped_oak_log":2,"minecraft:stone":87,"minecraft:dandelion":1,"minecraft:crafting_table":5,"minecraft:torch":2,"furnitura:oak_park_bench":1,"minecraft:copper_ore":2,"minecraft:tall_grass":18,"minecraft:oak_planks":41,"minecraft:wall_torch":1,"minecraft:pink_petals":13,"furnitura:oak_table":2,"minecraft:lilac":1,"minecraft:grass":105,"minecraft:oak_log":150,"minecraft:coal_ore":46,"minecraft:sunflower":1,"minecraft:dirt":40,"minecraft:oak_leaves":17},"minecraft:crafted":{"minecraft:oak_door":3,"minecraft:oak_planks":768,"minecraft:stone_shovel":2,"minecraft:furnace":1,"minecraft:yellow_bed":1,"furnitura:oak_park_bench":1,"minecraft:heavy_weighted_pressure_plate":1,"minecraft:cooked_mutton":4,"minecraft:iron_boots":1,"minecraft:iron_axe":1,"furnitura:oak_table":1,"minecraft:stone_pickaxe":1,"minecraft:chest":2,"minecraft:stone_hoe":1,"iceandfire:silver_axe":1,"minecraft:cooked_beef":2,"iceandfire:silver_ingot":6,"minecraft:cooked_porkchop":4,"minecraft:crafting_table":3,"minecraft:wooden_pickaxe":1,"minecraft:baked_potato":4,"minecraft:bucket":1,"minecraft:stone_axe":1,"minecraft:bread":4,"minecraft:air":0,"aether:iron_gloves":1,"minecraft:wooden_hoe":1,"minecraft:yellow_dye":1,"minecraft:shield":1,"minecraft:stick":32,"minecraft:iron_ingot":11,"minecraft:iron_pickaxe":1,"minecraft:oak_stairs":116,"minecraft:stone_sword":1,"minecraft:white_bed":1,"iceandfire:silver_sword":1,"minecraft:shears":1},"minecraft:killed_by":{"minecraft:player":1},"minecraft:broken":{"minecraft:stone_shovel":1},"minecraft:picked_up":{"minecraft:crafting_table":5,"minecraft:wheat":1,"minecraft:anvil":1,"aether:iron_gloves":1,"minecraft:oak_stairs":21,"minecraft:shield":1,"minecraft:string":4,"minecraft:raw_copper":5,"minecraft:flint_and_steel":1,"minecraft:glass_pane":5,"minecraft:oak_sign":2,"minecraft:beef":2,"minecraft:light_gray_wool":1,"minecraft:furnace":1,"minecraft:stick":3,"minecraft:raw_iron":13,"minecraft:oak_door":4,"minecraft:oak_fence":5,"minecraft:torch":4,"minecraft:porkchop":4,"tombstone:grave_dust":3,"furnitura:oak_park_bench":1,"minecraft:stone_sword":3,"minecraft:arrow":4,"minecraft:rotten_flesh":19,"artifacts:cowboy_hat":1,"minecraft:mutton":5,"minecraft:white_wool":3,"minecraft:cobblestone":88,"minecraft:stripped_oak_log":2,"minecraft:pink_petals":22,"minecraft:feather":2,"minecraft:lilac":1,"minecraft:potato":7,"minecraft:oak_log":212,"minecraft:yellow_bed":1,"furnitura:oak_table":2,"minecraft:dirt":139,"minecraft:apple":3,"minecraft:kelp":1,"minecraft:wheat_seeds":18,"minecraft:iron_ingot":9,"minecraft:oak_planks":43,"minecraft:oak_slab":1,"minecraft:cooked_porkchop":4,"car:canola_seeds":5,"minecraft:dandelion":1,"minecraft:white_bed":1,"minecraft:spider_eye":1,"minecraft:bundle":2,"minecraft:oak_sapling":4,"minecraft:coal":47,"minecraft:oak_leaves":2,"iceandfire:raw_silver":6,"minecraft:sunflower":1},"minecraft:killed":{"minecraft:spider":2,"alexsmobs:seagull":1,"minecraft:pig":2,"minecraft:creeper":1,"minecraft:sheep":4,"minecraft:zombie":17,"alexsmobs:crow":1}},"DataVersion":3465}