{"stats":{"minecraft:used":{"minecraft:cooked_mutton":2,"minecraft:stone_pickaxe":131,"minecraft:oak_planks":63,"minecraft:wooden_pickaxe":3,"minecraft:oak_door":5,"minecraft:torch":13,"minecraft:dirt":20,"minecraft:oak_slab":148,"minecraft:crafting_table":6,"minecraft:white_bed":2,"minecraft:oak_stairs":5,"minecraft:iron_pickaxe":28,"minecraft:gravel":9,"minecraft:stone_axe":92,"minecraft:cobblestone":25,"minecraft:furnace":1,"minecraft:cooked_porkchop":5,"minecraft:birch_stairs":26},"minecraft:picked_up":{"minecraft:birch_log":12,"minecraft:crafting_table":2,"minecraft:leather":4,"minecraft:oak_stairs":1,"minecraft:flint":3,"minecraft:oak_log":45,"minecraft:string":2,"minecraft:dirt":21,"minecraft:bone":1,"minecraft:beef":7,"minecraft:oak_planks":3,"minecraft:oak_slab":19,"minecraft:raw_iron":11,"minecraft:oak_door":3,"minecraft:gravel":9,"minecraft:white_bed":1,"minecraft:arrow":5,"minecraft:granite":6,"minecraft:coal":25,"minecraft:white_wool":4,"minecraft:cobblestone":100},"minecraft:custom":{"minecraft:interact_with_furnace":20,"minecraft:mob_kills":5,"minecraft:interact_with_crafting_table":15,"minecraft:leave_game":2,"minecraft:time_since_death":43477,"minecraft:sleep_in_bed":2,"minecraft:time_since_rest":17,"minecraft:sprint_one_cm":51933,"minecraft:damage_taken":474,"minecraft:walk_one_cm":181753,"minecraft:drop":1,"minecraft:damage_dealt":627,"minecraft:swim_one_cm":10234,"minecraft:fly_one_cm":125252,"minecraft:crouch_one_cm":7712,"minecraft:play_time":43477,"minecraft:sneak_time":2049,"minecraft:walk_under_water_one_cm":5599,"minecraft:jump":702,"minecraft:walk_on_water_one_cm":6879,"minecraft:total_world_time":43477,"minecraft:fall_one_cm":15273},"minecraft:mined":{"minecraft:oak_slab":18,"minecraft:white_bed":1,"minecraft:oak_door":3,"minecraft:crafting_table":2,"minecraft:granite":6,"minecraft:grass_block":5,"minecraft:tall_grass":1,"minecraft:oak_planks":3,"minecraft:birch_log":12,"minecraft:iron_ore":11,"minecraft:grass":1,"minecraft:coal_ore":25,"minecraft:oak_log":45,"minecraft:oak_stairs":1,"minecraft:gravel":16,"minecraft:dirt":15,"minecraft:stone":114,"minecraft:oak_leaves":5},"minecraft:dropped":{"minecraft:cooked_mutton":1},"minecraft:broken":{"minecraft:stone_pickaxe":1},"minecraft:killed":{"minecraft:spider":1,"minecraft:cow":3},"minecraft:crafted":{"minecraft:oak_door":3,"minecraft:oak_slab":132,"minecraft:oak_planks":180,"minecraft:cooked_porkchop":5,"minecraft:crafting_table":5,"minecraft:wooden_pickaxe":1,"minecraft:furnace":1,"minecraft:birch_planks":48,"minecraft:stone_axe":1,"minecraft:cooked_mutton":3,"minecraft:air":0,"minecraft:stick":12,"minecraft:iron_ingot":11,"minecraft:iron_pickaxe":1,"minecraft:stone_pickaxe":1,"minecraft:oak_stairs":8,"minecraft:white_bed":1,"minecraft:torch":16,"minecraft:birch_stairs":32}},"DataVersion":3465}