{"stats":{"minecraft:killed":{"minecraft:spider":6,"minecraft:skeleton":10,"minecraft:chicken":5,"minecraft:creeper":1,"minecraft:sheep":3,"minecraft:zombie":18,"minecraft:cow":7},"minecraft:dropped":{"minecraft:birch_leaves":1,"minecraft:cooked_beef":2,"minecraft:feather":1,"minecraft:leather":2,"minecraft:stick":1,"minecraft:oxeye_daisy":3,"minecraft:dirt":68,"minecraft:white_wool":1,"minecraft:oak_door":1,"minecraft:bone":6,"car:canola_seeds":10,"tombstone:gift":2,"minecraft:stone_shovel":1,"minecraft:chicken":1,"minecraft:cooked_mutton":1,"minecraft:gunpowder":2,"minecraft:spider_eye":2},"minecraft:used":{"minecraft:iron_shovel":282,"minecraft:white_tulip":1,"minecraft:stone_shovel":2080,"minecraft:oak_sign":2,"minecraft:chest":1,"minecraft:iron_sword":92,"minecraft:cooked_chicken":5,"minecraft:rotten_flesh":14,"minecraft:oak_door":6,"minecraft:torch":78,"minecraft:dirt":2236,"minecraft:lily_of_the_valley":3,"minecraft:allium":3,"minecraft:azure_bluet":2,"minecraft:red_tulip":2,"minecraft:iron_axe":71,"minecraft:oak_stairs":5,"minecraft:furnace":3,"minecraft:oak_sapling":17,"minecraft:cooked_beef":16,"minecraft:cooked_mutton":8,"minecraft:stone_pickaxe":539,"minecraft:oak_planks":63,"minecraft:orange_tulip":1,"minecraft:wooden_pickaxe":3,"minecraft:cobblestone_slab":209,"minecraft:oak_leaves":632,"minecraft:oak_slab":148,"minecraft:crafting_table":10,"minecraft:white_bed":4,"minecraft:shears":714,"minecraft:oxeye_daisy":2,"gep:cola":1,"minecraft:iron_pickaxe":251,"minecraft:gravel":9,"minecraft:lilac":26,"minecraft:stone_axe":106,"minecraft:cobblestone":345,"minecraft:cooked_porkchop":7,"minecraft:dandelion":1,"minecraft:birch_stairs":26},"minecraft:custom":{"minecraft:mob_kills":51,"minecraft:interact_with_crafting_table":49,"minecraft:leave_game":6,"minecraft:time_since_death":25879,"minecraft:sprint_one_cm":584152,"minecraft:walk_one_cm":1458270,"minecraft:drop":22,"minecraft:play_time":273481,"minecraft:deaths":3,"minecraft:sneak_time":6892,"minecraft:walk_under_water_one_cm":10325,"minecraft:jump":5211,"minecraft:walk_on_water_one_cm":17212,"minecraft:total_world_time":273481,"minecraft:interact_with_furnace":66,"minecraft:sleep_in_bed":13,"minecraft:time_since_rest":9125,"minecraft:damage_taken":2849,"minecraft:damage_dealt":8290,"minecraft:swim_one_cm":39714,"minecraft:fly_one_cm":1156264,"minecraft:open_chest":10,"minecraft:crouch_one_cm":28506,"tombstone:undead_killed":28,"minecraft:fall_one_cm":126038},"minecraft:killed_by":{"minecraft:spider":1,"minecraft:skeleton":2},"minecraft:picked_up":{"minecraft:crafting_table":2,"minecraft:allium":3,"minecraft:azure_bluet":2,"minecraft:chicken":5,"minecraft:oak_stairs":1,"minecraft:cornflower":2,"minecraft:string":8,"minecraft:raw_copper":11,"minecraft:beef":21,"minecraft:white_tulip":1,"minecraft:cobblestone_slab":30,"minecraft:furnace":1,"minecraft:egg":2,"minecraft:stick":9,"minecraft:raw_iron":13,"minecraft:oak_door":3,"minecraft:torch":1,"tombstone:grave_dust":4,"minecraft:rotten_flesh":21,"minecraft:arrow":17,"minecraft:stone_shovel":1,"minecraft:shears":1,"minecraft:red_tulip":2,"minecraft:mutton":6,"minecraft:white_wool":7,"minecraft:cobblestone":597,"minecraft:oxeye_daisy":5,"minecraft:birch_log":12,"minecraft:birch_leaves":16,"minecraft:feather":2,"minecraft:lilac":26,"minecraft:leather":11,"minecraft:flint":3,"minecraft:oak_log":61,"minecraft:gunpowder":2,"minecraft:dirt":2302,"tombstone:gift":2,"minecraft:bone":16,"minecraft:bow":3,"minecraft:orange_tulip":1,"minecraft:wheat_seeds":91,"minecraft:cooked_chicken":1,"minecraft:oak_planks":3,"minecraft:oak_slab":19,"car:canola_seeds":22,"minecraft:dandelion":13,"minecraft:gravel":9,"minecraft:white_bed":3,"minecraft:lily_of_the_valley":3,"minecraft:spider_eye":5,"gep:cola":1,"minecraft:granite":36,"minecraft:oak_sapling":1,"minecraft:coal":108,"minecraft:oak_leaves":632},"minecraft:mined":{"minecraft:white_bed":2,"minecraft:oak_door":3,"minecraft:granite":36,"minecraft:allium":4,"minecraft:grass_block":1962,"minecraft:furnace":1,"minecraft:iron_ore":13,"minecraft:azure_bluet":4,"minecraft:red_tulip":2,"minecraft:cobblestone_slab":30,"minecraft:oak_stairs":1,"minecraft:white_tulip":1,"minecraft:stone":578,"minecraft:oak_slab":18,"minecraft:lily_of_the_valley":4,"minecraft:dandelion":8,"minecraft:crafting_table":2,"minecraft:cornflower":3,"minecraft:torch":1,"minecraft:poppy":1,"minecraft:copper_ore":3,"minecraft:tall_grass":59,"minecraft:cobblestone":22,"minecraft:oak_planks":4,"minecraft:birch_log":12,"minecraft:lilac":30,"minecraft:birch_leaves":20,"minecraft:orange_tulip":1,"minecraft:grass":415,"minecraft:oak_log":67,"minecraft:coal_ore":75,"minecraft:gravel":16,"minecraft:dirt":491,"minecraft:oak_leaves":766},"minecraft:crafted":{"minecraft:oak_door":6,"minecraft:oak_planks":244,"minecraft:stone_shovel":15,"minecraft:cobblestone_slab":180,"minecraft:oak_sign":3,"minecraft:cooked_chicken":4,"minecraft:furnace":2,"minecraft:cooked_mutton":9,"minecraft:iron_axe":1,"minecraft:stone_pickaxe":5,"minecraft:chest":1,"minecraft:cooked_beef":18,"minecraft:oak_slab":132,"minecraft:cooked_porkchop":7,"minecraft:crafting_table":8,"minecraft:wooden_pickaxe":1,"minecraft:iron_sword":1,"minecraft:birch_planks":48,"minecraft:stone_axe":1,"minecraft:air":0,"minecraft:stick":68,"minecraft:iron_ingot":13,"minecraft:iron_pickaxe":1,"minecraft:oak_stairs":8,"minecraft:iron_shovel":1,"minecraft:white_bed":1,"minecraft:torch":84,"minecraft:birch_stairs":32,"minecraft:shears":2},"minecraft:broken":{"minecraft:iron_shovel":1,"minecraft:shears":3,"minecraft:stone_pickaxe":4,"minecraft:stone_axe":1,"minecraft:iron_pickaxe":1,"minecraft:stone_shovel":15}},"DataVersion":3465}