{"stats":{"minecraft:used":{"minecraft:iron_shovel":282,"minecraft:white_tulip":1,"minecraft:stone_shovel":2080,"minecraft:oak_sign":2,"minecraft:chest":5,"minecraft:iron_sword":110,"minecraft:cooked_chicken":5,"minecraft:rotten_flesh":20,"car:asphalt":6,"minecraft:oak_door":6,"minecraft:torch":90,"minecraft:dirt":2236,"minecraft:lily_of_the_valley":3,"minecraft:allium":3,"minecraft:azure_bluet":2,"minecraft:red_tulip":2,"minecraft:iron_axe":156,"minecraft:oak_stairs":5,"minecraft:oak_sapling":17,"minecraft:furnace":8,"minecraft:cooked_beef":18,"minecraft:cooked_mutton":8,"minecraft:stone_pickaxe":787,"minecraft:oak_planks":63,"minecraft:orange_tulip":1,"minecraft:wooden_pickaxe":3,"minecraft:cobblestone_slab":209,"minecraft:oak_leaves":637,"minecraft:oak_slab":148,"minecraft:crafting_table":12,"minecraft:white_bed":4,"minecraft:shears":864,"minecraft:oxeye_daisy":2,"gep:cola":1,"car:asphalt_slope":21,"minecraft:iron_pickaxe":586,"minecraft:gravel":9,"minecraft:lilac":26,"minecraft:stone_axe":106,"minecraft:cobblestone":384,"car:asphalt_slab":88,"minecraft:cooked_porkchop":10,"minecraft:dandelion":1,"minecraft:birch_stairs":26},"minecraft:dropped":{"minecraft:birch_leaves":1,"minecraft:cooked_beef":2,"minecraft:feather":1,"minecraft:leather":2,"minecraft:stick":1,"minecraft:oxeye_daisy":3,"minecraft:dirt":68,"minecraft:white_wool":1,"minecraft:bone":6,"minecraft:oak_door":1,"car:canola_seeds":10,"tombstone:gift":2,"minecraft:stone_shovel":1,"minecraft:chicken":1,"minecraft:cooked_mutton":1,"minecraft:gunpowder":2,"minecraft:spider_eye":2},"minecraft:custom":{"minecraft:mob_kills":58,"minecraft:interact_with_crafting_table":73,"minecraft:leave_game":7,"minecraft:time_since_death":79893,"minecraft:sprint_one_cm":671288,"minecraft:walk_one_cm":1620076,"minecraft:drop":22,"minecraft:play_time":327495,"minecraft:deaths":3,"minecraft:sneak_time":9746,"minecraft:walk_under_water_one_cm":17327,"minecraft:jump":5949,"minecraft:walk_on_water_one_cm":31946,"minecraft:total_world_time":327495,"minecraft:interact_with_furnace":105,"minecraft:sleep_in_bed":15,"minecraft:time_since_rest":3662,"minecraft:damage_taken":2989,"minecraft:damage_dealt":9170,"minecraft:swim_one_cm":70451,"minecraft:fly_one_cm":1286526,"minecraft:open_chest":19,"minecraft:crouch_one_cm":32947,"tombstone:undead_killed":28,"minecraft:fall_one_cm":137155},"minecraft:mined":{"minecraft:white_bed":2,"minecraft:oak_door":3,"fvtm:asphalt_0":3,"minecraft:granite":36,"minecraft:allium":4,"minecraft:grass_block":1969,"minecraft:furnace":3,"minecraft:iron_ore":59,"minecraft:andesite":2,"minecraft:azure_bluet":4,"minecraft:red_tulip":2,"minecraft:deepslate_iron_ore":31,"minecraft:cobblestone_slab":59,"minecraft:oak_stairs":1,"simpleores:tin_ore":1,"minecraft:white_tulip":1,"minecraft:stone":854,"minecraft:oak_slab":18,"minecraft:lily_of_the_valley":4,"minecraft:dandelion":8,"minecraft:crafting_table":4,"minecraft:cornflower":3,"minecraft:torch":1,"minecraft:poppy":1,"minecraft:chest":2,"minecraft:tall_grass":59,"minecraft:copper_ore":3,"minecraft:cobblestone":66,"minecraft:deepslate_gold_ore":6,"minecraft:oak_planks":4,"minecraft:diorite":3,"minecraft:wall_torch":1,"minecraft:birch_log":12,"minecraft:lilac":30,"minecraft:birch_leaves":25,"minecraft:orange_tulip":1,"minecraft:grass":418,"minecraft:oak_log":133,"minecraft:coal_ore":112,"minecraft:gravel":24,"minecraft:dirt":497,"car:asphalt_slab":1,"minecraft:oak_leaves":925,"minecraft:deepslate":91},"minecraft:crafted":{"minecraft:oak_door":6,"minecraft:oak_planks":264,"minecraft:cobblestone_slab":180,"minecraft:stone_shovel":15,"minecraft:oak_sign":3,"minecraft:cooked_chicken":4,"minecraft:furnace":6,"car:asphalt":128,"minecraft:cooked_mutton":9,"car:asphalt_slab":114,"minecraft:iron_boots":1,"minecraft:iron_axe":1,"minecraft:stone_pickaxe":6,"minecraft:chest":3,"minecraft:cooked_beef":21,"minecraft:oak_slab":132,"minecraft:cooked_porkchop":14,"minecraft:crafting_table":9,"minecraft:iron_helmet":1,"minecraft:wooden_pickaxe":1,"minecraft:iron_sword":1,"minecraft:birch_planks":48,"minecraft:stone_axe":1,"minecraft:air":0,"car:asphalt_slope":24,"minecraft:iron_chestplate":1,"minecraft:stick":76,"minecraft:iron_ingot":86,"minecraft:iron_pickaxe":6,"minecraft:oak_stairs":8,"minecraft:iron_shovel":1,"minecraft:iron_leggings":1,"minecraft:white_bed":1,"minecraft:torch":88,"minecraft:birch_stairs":32,"minecraft:shears":5},"minecraft:killed_by":{"minecraft:spider":1,"minecraft:skeleton":2},"minecraft:broken":{"minecraft:iron_shovel":1,"minecraft:shears":3,"minecraft:stone_pickaxe":6,"minecraft:stone_axe":1,"minecraft:iron_pickaxe":2,"minecraft:stone_shovel":15},"minecraft:picked_up":{"minecraft:crafting_table":4,"minecraft:allium":3,"minecraft:azure_bluet":2,"minecraft:chicken":5,"minecraft:oak_stairs":1,"minecraft:cornflower":2,"minecraft:string":9,"minecraft:raw_copper":11,"minecraft:cobbled_deepslate":91,"minecraft:beef":24,"minecraft:white_tulip":1,"simpleores:raw_tin":3,"minecraft:cobblestone_slab":62,"minecraft:chest":2,"minecraft:egg":2,"minecraft:furnace":2,"minecraft:stick":11,"minecraft:raw_iron":90,"minecraft:oak_door":3,"minecraft:torch":2,"minecraft:porkchop":7,"tombstone:grave_dust":4,"minecraft:diorite":5,"minecraft:rotten_flesh":21,"minecraft:arrow":17,"minecraft:stone_shovel":1,"minecraft:shears":1,"minecraft:red_tulip":2,"minecraft:mutton":6,"minecraft:birch_log":12,"minecraft:white_wool":7,"minecraft:cobblestone":919,"minecraft:oxeye_daisy":5,"minecraft:birch_leaves":16,"minecraft:feather":2,"minecraft:lilac":26,"minecraft:andesite":2,"minecraft:leather":14,"minecraft:flint":3,"minecraft:oak_log":127,"minecraft:gunpowder":2,"minecraft:dirt":2333,"tombstone:gift":2,"minecraft:bone":16,"minecraft:bow":3,"minecraft:orange_tulip":1,"minecraft:wheat_seeds":91,"minecraft:raw_gold":6,"minecraft:cooked_chicken":1,"minecraft:oak_planks":3,"car:asphalt_slab":1,"minecraft:oak_slab":19,"car:canola_seeds":22,"minecraft:dandelion":13,"minecraft:gravel":17,"minecraft:white_bed":3,"minecraft:lily_of_the_valley":3,"minecraft:spider_eye":5,"gep:cola":1,"minecraft:granite":36,"minecraft:oak_sapling":1,"minecraft:coal":207,"minecraft:oak_leaves":765},"minecraft:killed":{"minecraft:spider":7,"minecraft:skeleton":10,"minecraft:chicken":5,"minecraft:pig":4,"minecraft:creeper":1,"minecraft:sheep":3,"minecraft:zombie":18,"minecraft:cow":9}},"DataVersion":3465}