{"stats":{"minecraft:used":{"minecraft:cooked_mutton":2,"minecraft:iron_shovel":282,"minecraft:stone_shovel":415,"minecraft:stone_pickaxe":131,"minecraft:oak_planks":63,"minecraft:wooden_pickaxe":3,"minecraft:rotten_flesh":4,"minecraft:oak_leaves":154,"minecraft:oak_door":5,"minecraft:torch":14,"minecraft:dirt":372,"minecraft:oak_slab":148,"minecraft:crafting_table":8,"minecraft:white_bed":2,"minecraft:shears":310,"minecraft:oak_stairs":5,"minecraft:iron_axe":19,"minecraft:iron_pickaxe":132,"minecraft:gravel":9,"minecraft:stone_axe":92,"minecraft:cobblestone":163,"minecraft:oak_sapling":8,"minecraft:furnace":1,"minecraft:cooked_porkchop":6,"minecraft:cooked_beef":4,"minecraft:birch_stairs":26},"minecraft:picked_up":{"minecraft:birch_log":12,"minecraft:birch_leaves":1,"minecraft:crafting_table":2,"minecraft:leather":4,"minecraft:oak_stairs":1,"minecraft:flint":3,"minecraft:oak_log":51,"minecraft:dirt":653,"minecraft:string":2,"minecraft:bone":3,"minecraft:wheat_seeds":22,"minecraft:beef":7,"minecraft:oak_planks":3,"minecraft:stick":5,"minecraft:oak_slab":19,"minecraft:raw_iron":13,"minecraft:oak_door":3,"minecraft:torch":1,"minecraft:gravel":9,"minecraft:white_bed":1,"minecraft:arrow":8,"minecraft:rotten_flesh":4,"minecraft:granite":6,"minecraft:coal":26,"minecraft:oak_leaves":285,"minecraft:white_wool":4,"minecraft:cobblestone":197},"minecraft:custom":{"minecraft:interact_with_furnace":30,"minecraft:mob_kills":7,"minecraft:interact_with_crafting_table":22,"minecraft:leave_game":3,"minecraft:time_since_death":90983,"minecraft:sleep_in_bed":3,"minecraft:time_since_rest":27575,"minecraft:sprint_one_cm":140432,"minecraft:damage_taken":899,"minecraft:walk_one_cm":501329,"minecraft:drop":1,"minecraft:damage_dealt":1227,"minecraft:swim_one_cm":10452,"minecraft:fly_one_cm":332570,"minecraft:open_chest":1,"minecraft:crouch_one_cm":9957,"minecraft:play_time":90983,"tombstone:undead_killed":2,"minecraft:sneak_time":2780,"minecraft:walk_under_water_one_cm":7773,"minecraft:jump":1609,"minecraft:walk_on_water_one_cm":12306,"minecraft:total_world_time":90983,"minecraft:fall_one_cm":36273},"minecraft:mined":{"minecraft:oak_slab":18,"minecraft:white_bed":1,"minecraft:oak_door":3,"minecraft:crafting_table":2,"minecraft:torch":1,"minecraft:granite":6,"minecraft:grass_block":669,"minecraft:cobblestone":4,"minecraft:tall_grass":5,"minecraft:oak_planks":3,"minecraft:birch_log":12,"minecraft:iron_ore":13,"minecraft:birch_leaves":3,"minecraft:grass":111,"minecraft:oak_log":51,"minecraft:coal_ore":26,"minecraft:oak_stairs":1,"minecraft:gravel":16,"minecraft:dirt":46,"minecraft:stone":211,"minecraft:oak_leaves":322},"minecraft:dropped":{"minecraft:cooked_mutton":1},"minecraft:broken":{"minecraft:stone_pickaxe":1,"minecraft:iron_shovel":1,"minecraft:shears":1,"minecraft:stone_shovel":2},"minecraft:killed":{"minecraft:spider":1,"minecraft:skeleton":2,"minecraft:cow":3},"minecraft:crafted":{"minecraft:cooked_beef":4,"minecraft:oak_door":3,"minecraft:oak_planks":204,"minecraft:oak_slab":132,"minecraft:stone_shovel":3,"minecraft:cooked_porkchop":6,"minecraft:crafting_table":6,"minecraft:wooden_pickaxe":1,"minecraft:furnace":1,"minecraft:birch_planks":48,"minecraft:stone_axe":1,"minecraft:cooked_mutton":3,"minecraft:air":0,"minecraft:iron_axe":1,"minecraft:stick":20,"minecraft:iron_ingot":11,"minecraft:iron_pickaxe":1,"minecraft:stone_pickaxe":1,"minecraft:oak_stairs":8,"minecraft:iron_shovel":1,"minecraft:white_bed":1,"minecraft:torch":16,"minecraft:birch_stairs":32,"minecraft:shears":2}},"DataVersion":3465}