{"stats":{"minecraft:used":{"minecraft:beetroot":1,"minecraft:oak_fence":57,"minecraft:cherry_sapling":1,"minecraft:white_tulip":1,"minecraft:iron_shovel":876,"minecraft:stone_shovel":2232,"minecraft:poppy":2,"minecraft:oak_sign":2,"minecraft:chest":8,"simpleores:tin_sword":37,"minecraft:iron_sword":255,"minecraft:cooked_chicken":9,"minecraft:rotten_flesh":27,"minecraft:stone_hoe":29,"minecraft:oak_door":6,"car:asphalt":7,"minecraft:torch":148,"minecraft:dirt":3120,"minecraft:lily_of_the_valley":3,"minecraft:carrot":31,"minecraft:allium":3,"minecraft:azure_bluet":2,"minecraft:oak_fence_gate":3,"vanillaplustools:iron_shovel":165,"minecraft:red_tulip":2,"minecraft:iron_axe":409,"minecraft:oak_stairs":5,"minecraft:bow":1,"minecraft:oak_sapling":56,"minecraft:furnace":8,"minecraft:beetroot_seeds":6,"minecraft:egg":1,"minecraft:potato":14,"minecraft:cooked_beef":20,"minecraft:wheat_seeds":18,"minecraft:cooked_mutton":8,"minecraft:water_bucket":7,"minecraft:birch_leaves":16,"minecraft:stone_pickaxe":787,"minecraft:baked_potato":8,"minecraft:oak_planks":63,"minecraft:orange_tulip":1,"minecraft:wooden_pickaxe":3,"minecraft:cobblestone_slab":209,"minecraft:oak_leaves":829,"minecraft:white_wool":2,"minecraft:oak_slab":148,"minecraft:crafting_table":17,"minecraft:white_bed":6,"minecraft:shears":952,"minecraft:apple":8,"minecraft:oxeye_daisy":2,"minecraft:iron_pickaxe":1007,"gep:cola":1,"minecraft:sunflower":10,"minecraft:bread":3,"car:asphalt_slope":54,"minecraft:gravel":9,"minecraft:lilac":29,"minecraft:stone_axe":106,"minecraft:cobblestone":410,"car:asphalt_slab":546,"minecraft:cooked_porkchop":19,"minecraft:bucket":7,"minecraft:oak_boat":1,"minecraft:dandelion":15,"minecraft:bone_meal":6,"minecraft:birch_stairs":26},"minecraft:dropped":{"minecraft:birch_leaves":1,"minecraft:cooked_beef":2,"minecraft:oak_log":128,"minecraft:feather":3,"minecraft:leather":2,"minecraft:coal":3,"minecraft:stick":3,"minecraft:oxeye_daisy":3,"minecraft:dirt":341,"minecraft:grass":1,"minecraft:torch":1,"minecraft:sunflower":1,"minecraft:string":2,"minecraft:white_wool":1,"minecraft:dandelion":2,"minecraft:bone":7,"minecraft:oak_door":1,"minecraft:gravel":8,"car:canola_seeds":14,"minecraft:stone_shovel":1,"tombstone:gift":2,"minecraft:chicken":1,"minecraft:rotten_flesh":7,"minecraft:oak_planks":58,"minecraft:cooked_mutton":1,"minecraft:azure_bluet":2,"minecraft:potato":7,"minecraft:peony":11,"minecraft:gunpowder":2,"minecraft:spider_eye":2,"minecraft:beef":4},"minecraft:custom":{"minecraft:mob_kills":105,"minecraft:interact_with_crafting_table":115,"minecraft:leave_game":8,"minecraft:time_since_death":1533,"minecraft:sprint_one_cm":1324032,"minecraft:walk_one_cm":2567036,"minecraft:drop":57,"minecraft:play_time":540442,"minecraft:sneak_time":11119,"minecraft:deaths":8,"minecraft:walk_under_water_one_cm":26413,"minecraft:boat_one_cm":54225,"minecraft:jump":9932,"minecraft:walk_on_water_one_cm":55255,"minecraft:total_world_time":540442,"minecraft:interact_with_furnace":137,"minecraft:sleep_in_bed":20,"minecraft:time_since_rest":469,"minecraft:damage_taken":5572,"minecraft:trigger_trapped_chest":2,"minecraft:damage_dealt":17561,"minecraft:swim_one_cm":123325,"minecraft:fly_one_cm":2166369,"minecraft:open_chest":50,"minecraft:crouch_one_cm":37706,"tombstone:undead_killed":57,"minecraft:fall_one_cm":224361},"minecraft:mined":{"minecraft:white_bed":2,"minecraft:oak_door":3,"fvtm:asphalt_0":3,"minecraft:granite":36,"minecraft:allium":4,"minecraft:grass_block":3539,"minecraft:kelp":2,"minecraft:furnace":3,"minecraft:carrots":15,"minecraft:iron_ore":59,"minecraft:andesite":2,"minecraft:peony":13,"minecraft:azure_bluet":7,"minecraft:red_tulip":2,"minecraft:potatoes":16,"minecraft:deepslate_iron_ore":31,"minecraft:cobblestone_slab":114,"minecraft:oak_stairs":1,"simpleores:tin_ore":1,"minecraft:white_tulip":1,"minecraft:stone":1046,"minecraft:oak_slab":18,"minecraft:lily_of_the_valley":4,"minecraft:dandelion":26,"minecraft:cornflower":5,"minecraft:crafting_table":4,"minecraft:torch":2,"minecraft:poppy":3,"iceandfire:ghost_chest":2,"minecraft:chest":3,"minecraft:copper_ore":3,"minecraft:tall_grass":95,"minecraft:cobblestone":96,"minecraft:deepslate_gold_ore":6,"minecraft:oak_planks":4,"minecraft:diorite":3,"minecraft:wall_torch":1,"minecraft:birch_log":12,"minecraft:wheat":36,"minecraft:lilac":35,"minecraft:birch_leaves":42,"minecraft:orange_tulip":1,"minecraft:grass":611,"minecraft:oak_log":351,"minecraft:coal_ore":158,"minecraft:beetroots":7,"car:asphalt_slope":3,"minecraft:oak_fence_gate":1,"minecraft:gravel":24,"minecraft:sunflower":24,"minecraft:dirt":684,"car:asphalt_slab":79,"minecraft:oak_leaves":1067,"minecraft:deepslate":91},"minecraft:crafted":{"minecraft:oak_door":6,"minecraft:oak_planks":484,"minecraft:cobblestone_slab":180,"minecraft:stone_shovel":16,"minecraft:oak_sign":3,"vanillaplustools:iron_shovel":1,"minecraft:cooked_chicken":8,"minecraft:furnace":6,"car:asphalt":336,"minecraft:bone_meal":6,"minecraft:cooked_mutton":9,"car:asphalt_slab":468,"minecraft:iron_boots":1,"minecraft:iron_axe":2,"minecraft:stone_pickaxe":6,"minecraft:chest":5,"minecraft:stone_hoe":1,"minecraft:oak_fence":57,"minecraft:cooked_beef":22,"minecraft:oak_slab":132,"minecraft:cooked_porkchop":19,"minecraft:crafting_table":13,"minecraft:wooden_pickaxe":1,"minecraft:iron_helmet":1,"minecraft:baked_potato":8,"minecraft:iron_sword":1,"minecraft:bucket":2,"minecraft:birch_planks":48,"minecraft:stone_axe":1,"minecraft:bread":3,"minecraft:air":0,"minecraft:oak_fence_gate":2,"minecraft:oak_boat":1,"car:asphalt_slope":54,"minecraft:iron_chestplate":1,"minecraft:stick":160,"minecraft:iron_ingot":90,"minecraft:iron_pickaxe":6,"minecraft:oak_stairs":8,"minecraft:iron_shovel":15,"minecraft:iron_leggings":1,"minecraft:white_bed":1,"minecraft:torch":144,"minecraft:birch_stairs":32,"minecraft:shears":6},"minecraft:killed_by":{"minecraft:spider":1,"minecraft:skeleton":2,"iceandfire:ghost":5},"minecraft:broken":{"minecraft:iron_shovel":3,"minecraft:shears":4,"minecraft:stone_pickaxe":6,"minecraft:iron_axe":1,"minecraft:stone_axe":1,"minecraft:iron_sword":1,"minecraft:iron_pickaxe":4,"minecraft:iron_helmet":1,"minecraft:stone_shovel":16},"minecraft:picked_up":{"minecraft:crafting_table":4,"minecraft:wheat":10,"minecraft:allium":3,"minecraft:azure_bluet":6,"minecraft:chicken":9,"car:asphalt_slope":3,"minecraft:oak_stairs":1,"minecraft:cornflower":4,"minecraft:string":12,"minecraft:raw_copper":11,"minecraft:beetroot":1,"minecraft:cobbled_deepslate":91,"minecraft:beef":29,"minecraft:white_tulip":1,"simpleores:raw_tin":3,"minecraft:cobblestone_slab":117,"minecraft:poppy":2,"minecraft:chest":3,"minecraft:furnace":2,"minecraft:egg":3,"minecraft:stick":45,"minecraft:raw_iron":90,"iceandfire:ghost_chest":2,"minecraft:oak_door":3,"minecraft:torch":6,"minecraft:porkchop":12,"tombstone:grave_dust":8,"minecraft:diorite":5,"minecraft:carrot":22,"minecraft:stone_shovel":1,"minecraft:arrow":28,"minecraft:rotten_flesh":36,"minecraft:beetroot_seeds":8,"minecraft:peony":11,"minecraft:shears":1,"minecraft:red_tulip":2,"minecraft:mutton":10,"minecraft:birch_log":12,"minecraft:white_wool":9,"minecraft:cobblestone":1137,"minecraft:oxeye_daisy":5,"minecraft:birch_leaves":32,"minecraft:feather":4,"minecraft:lilac":31,"minecraft:andesite":2,"minecraft:leather":18,"minecraft:potato":29,"minecraft:flint":3,"minecraft:oak_log":345,"minecraft:gunpowder":2,"minecraft:dirt":4008,"tombstone:gift":2,"minecraft:bone":22,"minecraft:apple":7,"minecraft:bow":3,"minecraft:wheat_seeds":188,"minecraft:orange_tulip":1,"minecraft:oak_fence_gate":1,"minecraft:raw_gold":6,"minecraft:cooked_chicken":1,"minecraft:oak_planks":3,"car:asphalt_slab":79,"minecraft:oak_slab":19,"car:canola_seeds":31,"minecraft:dandelion":35,"minecraft:gravel":17,"minecraft:white_bed":5,"minecraft:lily_of_the_valley":3,"minecraft:spider_eye":5,"gep:cola":1,"minecraft:diamond":1,"minecraft:cherry_sapling":1,"minecraft:granite":36,"minecraft:grass":1,"tombstone:magic_scroll":1,"minecraft:oak_sapling":40,"minecraft:coal":272,"minecraft:oak_leaves":829,"minecraft:sunflower":22},"minecraft:killed":{"minecraft:spider":11,"minecraft:skeleton":15,"minecraft:chicken":9,"minecraft:drowned":1,"minecraft:pig":7,"minecraft:creeper":1,"minecraft:sheep":5,"minecraft:trader_llama":2,"minecraft:zombie":35,"iceandfire:ghost":6,"minecraft:cow":12}},"DataVersion":3465}