{"stats":{"minecraft:used":{"minecraft:beetroot":1,"minecraft:oak_fence":57,"minecraft:cherry_sapling":2,"minecraft:white_tulip":2,"minecraft:iron_shovel":1260,"minecraft:stone_shovel":2232,"minecraft:poppy":3,"minecraft:oak_sign":7,"minecraft:chest":8,"simpleores:tin_sword":75,"minecraft:iron_sword":255,"minecraft:cooked_chicken":10,"minecraft:rotten_flesh":28,"minecraft:stone_hoe":47,"minecraft:oak_door":8,"car:asphalt":7,"minecraft:torch":193,"minecraft:dirt":3610,"minecraft:lily_of_the_valley":3,"minecraft:carrot":45,"minecraft:allium":3,"minecraft:azure_bluet":2,"minecraft:oak_fence_gate":3,"minecraft:iron_hoe":47,"vanillaplustools:iron_shovel":189,"minecraft:lava_bucket":1,"minecraft:red_tulip":2,"minecraft:iron_axe":411,"minecraft:oak_stairs":5,"minecraft:bow":1,"minecraft:oak_sapling":61,"minecraft:furnace":9,"minecraft:cooked_cod":2,"minecraft:beetroot_seeds":7,"minecraft:egg":1,"minecraft:potato":14,"minecraft:cooked_beef":29,"minecraft:cobbled_deepslate":10,"minecraft:wheat_seeds":30,"minecraft:cooked_mutton":8,"minecraft:water_bucket":13,"minecraft:birch_leaves":16,"minecraft:stone_pickaxe":787,"minecraft:baked_potato":8,"minecraft:oak_planks":63,"minecraft:orange_tulip":1,"minecraft:wooden_pickaxe":3,"minecraft:cobblestone_slab":344,"minecraft:oak_leaves":1146,"minecraft:white_wool":2,"minecraft:oak_slab":199,"minecraft:crafting_table":20,"minecraft:white_bed":6,"minecraft:shears":1391,"minecraft:diamond_pickaxe":348,"minecraft:apple":10,"minecraft:oxeye_daisy":2,"minecraft:iron_pickaxe":1234,"gep:cola":1,"minecraft:sunflower":10,"minecraft:bread":5,"car:asphalt_slope":54,"minecraft:gravel":9,"minecraft:lilac":29,"minecraft:stone_axe":106,"minecraft:diamond_sword":34,"minecraft:cobblestone":425,"car:asphalt_slab":693,"minecraft:cooked_porkchop":22,"minecraft:bucket":15,"minecraft:oak_boat":1,"minecraft:dandelion":20,"minecraft:bone_meal":15,"minecraft:birch_stairs":26},"minecraft:custom":{"minecraft:mob_kills":127,"minecraft:interact_with_crafting_table":138,"minecraft:leave_game":8,"minecraft:time_since_death":92718,"minecraft:sprint_one_cm":1701049,"minecraft:walk_one_cm":3160818,"minecraft:drop":71,"minecraft:play_time":672442,"minecraft:sneak_time":13142,"minecraft:deaths":10,"minecraft:walk_under_water_one_cm":54158,"minecraft:boat_one_cm":54225,"minecraft:jump":12144,"minecraft:walk_on_water_one_cm":87956,"minecraft:total_world_time":672442,"minecraft:interact_with_furnace":155,"tombstone:raider_killed":1,"minecraft:sleep_in_bed":20,"minecraft:time_since_rest":91718,"minecraft:damage_taken":6798,"minecraft:trigger_trapped_chest":2,"minecraft:damage_dealt":21209,"minecraft:swim_one_cm":152243,"minecraft:fly_one_cm":2596446,"minecraft:open_chest":84,"minecraft:crouch_one_cm":45404,"tombstone:undead_killed":68,"minecraft:fall_one_cm":264672},"minecraft:dropped":{"minecraft:water_bucket":1,"minecraft:wheat_seeds":4,"minecraft:birch_leaves":1,"minecraft:lilac":3,"minecraft:cooked_beef":2,"minecraft:oak_log":128,"minecraft:feather":3,"minecraft:apple":1,"minecraft:leather":2,"minecraft:coal":3,"minecraft:stick":3,"minecraft:oxeye_daisy":3,"minecraft:dirt":341,"minecraft:grass":1,"minecraft:torch":1,"minecraft:cherry_planks":2,"minecraft:sunflower":1,"minecraft:bucket":1,"minecraft:string":5,"minecraft:white_wool":1,"minecraft:dandelion":3,"minecraft:bone":7,"minecraft:oak_door":1,"minecraft:gravel":8,"car:canola_seeds":14,"minecraft:obsidian":1,"minecraft:stone_shovel":1,"tombstone:gift":2,"minecraft:chicken":1,"minecraft:rotten_flesh":15,"minecraft:oak_planks":58,"minecraft:cooked_mutton":1,"minecraft:azure_bluet":2,"minecraft:potato":7,"minecraft:peony":11,"minecraft:gunpowder":2,"minecraft:diamond_pickaxe":1,"minecraft:spider_eye":3,"minecraft:beef":4},"minecraft:mined":{"minecraft:tuff":28,"minecraft:farmland":38,"minecraft:white_bed":2,"minecraft:deepslate_diamond_ore":32,"minecraft:oak_door":4,"minecraft:cherry_sapling":1,"fvtm:asphalt_0":3,"minecraft:obsidian":1,"minecraft:granite":37,"minecraft:allium":4,"minecraft:grass_block":3825,"minecraft:kelp":2,"minecraft:furnace":3,"minecraft:carrots":19,"minecraft:cobbled_deepslate":5,"minecraft:iron_ore":62,"minecraft:andesite":20,"minecraft:peony":13,"minecraft:azure_bluet":7,"minecraft:red_tulip":3,"minecraft:potatoes":16,"minecraft:deepslate_iron_ore":37,"minecraft:cobblestone_slab":114,"minecraft:oak_stairs":1,"minecraft:pink_tulip":1,"simpleores:tin_ore":1,"minecraft:white_tulip":3,"minecraft:stone":1261,"minecraft:deepslate_redstone_ore":4,"minecraft:oak_slab":20,"minecraft:lily_of_the_valley":4,"minecraft:dandelion":28,"minecraft:cornflower":5,"minecraft:crafting_table":4,"minecraft:torch":3,"car:canola":3,"minecraft:poppy":4,"iceandfire:ghost_chest":2,"minecraft:chest":3,"minecraft:copper_ore":3,"minecraft:tall_grass":98,"minecraft:cobblestone":102,"minecraft:deepslate_gold_ore":7,"minecraft:oak_planks":4,"minecraft:diorite":3,"minecraft:wall_torch":3,"minecraft:birch_log":12,"minecraft:wheat":42,"simpleores:deepslate_tin_ore":4,"minecraft:lilac":38,"minecraft:birch_leaves":43,"minecraft:orange_tulip":1,"minecraft:grass":630,"minecraft:oak_log":351,"minecraft:coal_ore":237,"minecraft:beetroots":7,"car:asphalt_slope":3,"minecraft:oak_fence_gate":1,"minecraft:gravel":28,"minecraft:sunflower":24,"minecraft:dirt":943,"car:asphalt_slab":81,"minecraft:oak_leaves":1511,"minecraft:deepslate":257},"minecraft:crafted":{"minecraft:cherry_planks":4,"minecraft:oak_door":9,"minecraft:oak_planks":620,"minecraft:cobblestone_slab":318,"minecraft:stone_shovel":16,"minecraft:oak_sign":12,"vanillaplustools:iron_shovel":1,"minecraft:cooked_chicken":9,"minecraft:furnace":7,"car:asphalt":408,"minecraft:bone_meal":15,"minecraft:cooked_mutton":9,"minecraft:diamond_leggings":1,"minecraft:diamond_helmet":1,"car:asphalt_slab":612,"minecraft:iron_boots":1,"minecraft:iron_axe":2,"minecraft:iron_hoe":1,"minecraft:stone_pickaxe":6,"minecraft:chest":5,"minecraft:diamond_boots":1,"minecraft:stone_hoe":1,"minecraft:oak_fence":57,"minecraft:cooked_cod":2,"minecraft:cooked_beef":31,"minecraft:oak_slab":186,"minecraft:diamond_sword":1,"minecraft:cooked_porkchop":22,"minecraft:crafting_table":16,"minecraft:wooden_pickaxe":1,"minecraft:iron_helmet":1,"minecraft:baked_potato":8,"minecraft:iron_sword":1,"minecraft:bucket":2,"minecraft:birch_planks":48,"minecraft:stone_axe":1,"minecraft:bread":5,"minecraft:air":0,"minecraft:oak_fence_gate":2,"minecraft:oak_boat":1,"car:asphalt_slope":54,"minecraft:diamond_pickaxe":2,"minecraft:iron_chestplate":1,"minecraft:stick":188,"minecraft:iron_ingot":97,"minecraft:iron_pickaxe":6,"minecraft:oak_stairs":8,"minecraft:iron_shovel":16,"minecraft:iron_leggings":1,"minecraft:white_bed":1,"minecraft:torch":220,"minecraft:birch_stairs":32,"minecraft:shears":6,"minecraft:diamond_chestplate":1},"minecraft:killed_by":{"minecraft:player":1,"minecraft:spider":1,"minecraft:skeleton":2,"iceandfire:ghost":5},"minecraft:broken":{"minecraft:iron_shovel":4,"minecraft:shears":5,"minecraft:stone_pickaxe":6,"minecraft:iron_axe":1,"minecraft:stone_axe":1,"minecraft:iron_sword":1,"minecraft:iron_pickaxe":5,"minecraft:iron_helmet":1,"minecraft:stone_shovel":16},"minecraft:picked_up":{"minecraft:crafting_table":4,"minecraft:wheat":16,"minecraft:allium":3,"minecraft:azure_bluet":6,"minecraft:chicken":10,"car:asphalt_slope":3,"minecraft:oak_stairs":1,"minecraft:cornflower":4,"minecraft:string":15,"minecraft:raw_copper":11,"minecraft:beetroot":1,"minecraft:cobbled_deepslate":262,"minecraft:beef":38,"minecraft:white_tulip":3,"simpleores:raw_tin":13,"minecraft:cobblestone_slab":117,"minecraft:poppy":3,"minecraft:chest":3,"minecraft:furnace":2,"minecraft:egg":3,"minecraft:stick":50,"minecraft:raw_iron":97,"iceandfire:ghost_chest":2,"minecraft:oak_door":4,"minecraft:torch":13,"minecraft:porkchop":15,"tombstone:grave_dust":11,"minecraft:diorite":5,"minecraft:carrot":35,"minecraft:redstone":18,"minecraft:stone_shovel":1,"minecraft:arrow":32,"minecraft:rotten_flesh":44,"minecraft:beetroot_seeds":9,"minecraft:peony":11,"minecraft:shears":1,"minecraft:red_tulip":3,"minecraft:pink_tulip":1,"minecraft:obsidian":1,"minecraft:mutton":10,"minecraft:cod":2,"minecraft:birch_log":12,"minecraft:white_wool":9,"minecraft:cobblestone":1345,"minecraft:oxeye_daisy":5,"minecraft:birch_leaves":32,"minecraft:feather":5,"minecraft:lilac":37,"minecraft:andesite":2,"minecraft:leather":21,"minecraft:potato":29,"minecraft:flint":3,"minecraft:tuff":28,"minecraft:oak_log":345,"minecraft:gunpowder":2,"minecraft:dirt":4607,"tombstone:gift":2,"minecraft:bone":26,"minecraft:apple":10,"minecraft:bow":4,"minecraft:wheat_seeds":209,"minecraft:orange_tulip":1,"minecraft:oak_fence_gate":1,"minecraft:raw_gold":7,"minecraft:cooked_chicken":1,"car:canola":3,"alexsmobs:blobfish":14,"minecraft:oak_planks":3,"car:asphalt_slab":81,"minecraft:oak_slab":22,"car:canola_seeds":36,"minecraft:dandelion":37,"minecraft:gravel":21,"minecraft:white_bed":5,"minecraft:lily_of_the_valley":3,"minecraft:spider_eye":6,"gep:cola":1,"minecraft:pumpkin_seeds":3,"minecraft:diamond":33,"minecraft:cherry_sapling":2,"minecraft:granite":36,"minecraft:grass":1,"minecraft:melon_seeds":1,"tombstone:magic_scroll":1,"minecraft:oak_sapling":45,"minecraft:coal":330,"minecraft:oak_leaves":1215,"minecraft:sunflower":22},"minecraft:killed":{"minecraft:witch":1,"minecraft:spider":14,"minecraft:skeleton":19,"minecraft:chicken":10,"minecraft:drowned":1,"minecraft:pig":8,"minecraft:creeper":2,"minecraft:sheep":5,"alexsmobs:catfish":1,"minecraft:trader_llama":2,"minecraft:zombie":42,"iceandfire:ghost":6,"minecraft:cow":15}},"DataVersion":3465}