{"stats":{"minecraft:killed":{"minecraft:spider":3,"minecraft:creeper":1,"minecraft:sheep":3,"minecraft:skeleton":3,"minecraft:zombie":11,"minecraft:chicken":1,"minecraft:cow":6},"minecraft:used":{"minecraft:cooked_mutton":6,"minecraft:iron_shovel":282,"minecraft:stone_shovel":2015,"minecraft:stone_pickaxe":293,"minecraft:oak_planks":63,"minecraft:chest":1,"minecraft:wooden_pickaxe":3,"minecraft:iron_sword":22,"minecraft:cobblestone_slab":177,"minecraft:cooked_chicken":2,"minecraft:rotten_flesh":10,"minecraft:oak_leaves":560,"minecraft:oak_door":5,"minecraft:torch":17,"minecraft:dirt":1830,"minecraft:oak_slab":148,"minecraft:crafting_table":10,"minecraft:white_bed":2,"minecraft:shears":714,"minecraft:iron_axe":64,"gep:cola":1,"minecraft:oak_stairs":5,"minecraft:iron_pickaxe":251,"minecraft:gravel":9,"minecraft:stone_axe":106,"minecraft:cobblestone":285,"minecraft:oak_sapling":17,"minecraft:furnace":2,"minecraft:cooked_porkchop":7,"minecraft:cooked_beef":11,"minecraft:dandelion":1,"minecraft:birch_stairs":26},"minecraft:dropped":{"minecraft:oak_door":1,"minecraft:birch_leaves":1,"minecraft:stone_shovel":1,"minecraft:leather":2,"minecraft:cooked_mutton":1,"minecraft:stick":1,"minecraft:oxeye_daisy":3,"minecraft:dirt":68,"minecraft:gunpowder":2,"minecraft:spider_eye":2,"minecraft:white_wool":1,"minecraft:bone":6},"minecraft:custom":{"minecraft:interact_with_furnace":54,"minecraft:mob_kills":29,"minecraft:interact_with_crafting_table":46,"minecraft:leave_game":5,"minecraft:time_since_death":1391,"minecraft:sleep_in_bed":10,"minecraft:time_since_rest":786,"minecraft:sprint_one_cm":457015,"minecraft:damage_taken":1894,"minecraft:walk_one_cm":1258953,"minecraft:drop":15,"minecraft:damage_dealt":4808,"minecraft:swim_one_cm":10452,"minecraft:fly_one_cm":932814,"minecraft:play_time":225744,"minecraft:open_chest":5,"minecraft:crouch_one_cm":25139,"minecraft:sneak_time":5803,"tombstone:undead_killed":14,"minecraft:deaths":2,"minecraft:walk_under_water_one_cm":8948,"minecraft:jump":4209,"minecraft:walk_on_water_one_cm":13059,"minecraft:total_world_time":225744,"minecraft:fall_one_cm":103803},"minecraft:killed_by":{"minecraft:skeleton":1,"minecraft:spider":1},"minecraft:picked_up":{"minecraft:birch_leaves":16,"minecraft:crafting_table":2,"minecraft:chicken":1,"minecraft:leather":6,"minecraft:oak_stairs":1,"minecraft:flint":3,"minecraft:oak_log":55,"minecraft:gunpowder":2,"minecraft:cornflower":2,"minecraft:dirt":2209,"minecraft:string":5,"minecraft:bone":9,"minecraft:bow":1,"minecraft:wheat_seeds":87,"minecraft:beef":14,"minecraft:cooked_chicken":1,"minecraft:cobblestone_slab":29,"minecraft:oak_planks":3,"minecraft:oak_slab":19,"minecraft:stick":7,"minecraft:raw_iron":13,"minecraft:oak_door":3,"car:canola_seeds":12,"minecraft:torch":1,"minecraft:dandelion":13,"minecraft:gravel":9,"tombstone:grave_dust":1,"minecraft:white_bed":1,"minecraft:spider_eye":4,"gep:cola":1,"minecraft:arrow":11,"minecraft:stone_shovel":1,"minecraft:rotten_flesh":13,"minecraft:shears":1,"minecraft:granite":8,"minecraft:oak_sapling":1,"minecraft:mutton":6,"minecraft:birch_log":12,"minecraft:coal":45,"minecraft:oak_leaves":632,"minecraft:white_wool":7,"minecraft:cobblestone":426,"minecraft:oxeye_daisy":5},"minecraft:mined":{"minecraft:oak_slab":18,"minecraft:white_bed":1,"minecraft:oak_door":3,"minecraft:dandelion":8,"minecraft:cornflower":2,"minecraft:crafting_table":2,"minecraft:torch":1,"minecraft:granite":8,"minecraft:grass_block":1899,"minecraft:poppy":1,"minecraft:tall_grass":57,"minecraft:cobblestone":21,"minecraft:oak_planks":4,"minecraft:birch_log":12,"minecraft:iron_ore":13,"minecraft:birch_leaves":20,"minecraft:grass":380,"minecraft:coal_ore":45,"minecraft:oak_log":61,"minecraft:cobblestone_slab":29,"minecraft:oak_stairs":1,"minecraft:gravel":16,"minecraft:dirt":460,"minecraft:stone":408,"minecraft:oak_leaves":737},"minecraft:crafted":{"minecraft:cooked_beef":11,"minecraft:oak_door":3,"minecraft:oak_slab":132,"minecraft:oak_planks":220,"minecraft:cobblestone_slab":150,"minecraft:stone_shovel":15,"minecraft:cooked_porkchop":7,"minecraft:crafting_table":8,"minecraft:cooked_chicken":1,"minecraft:wooden_pickaxe":1,"minecraft:iron_sword":1,"minecraft:furnace":2,"minecraft:birch_planks":48,"minecraft:stone_axe":1,"minecraft:cooked_mutton":9,"minecraft:air":0,"minecraft:iron_axe":1,"minecraft:stick":52,"minecraft:chest":1,"minecraft:iron_ingot":13,"minecraft:iron_pickaxe":1,"minecraft:stone_pickaxe":5,"minecraft:oak_stairs":8,"minecraft:iron_shovel":1,"minecraft:white_bed":1,"minecraft:torch":16,"minecraft:birch_stairs":32,"minecraft:shears":2},"minecraft:broken":{"minecraft:stone_pickaxe":2,"minecraft:iron_shovel":1,"minecraft:stone_axe":1,"minecraft:shears":3,"minecraft:iron_pickaxe":1,"minecraft:stone_shovel":14}},"DataVersion":3465}