{"stats":{"minecraft:used":{"minecraft:cooked_mutton":2,"minecraft:iron_shovel":282,"minecraft:stone_shovel":719,"minecraft:stone_pickaxe":131,"minecraft:oak_planks":63,"minecraft:wooden_pickaxe":3,"minecraft:rotten_flesh":5,"minecraft:oak_leaves":263,"minecraft:oak_door":5,"minecraft:torch":17,"minecraft:dirt":690,"minecraft:oak_slab":148,"minecraft:crafting_table":9,"minecraft:white_bed":2,"minecraft:shears":382,"minecraft:oak_stairs":5,"minecraft:iron_axe":40,"minecraft:iron_pickaxe":190,"minecraft:gravel":9,"minecraft:stone_axe":92,"minecraft:cobblestone":230,"minecraft:oak_sapling":12,"minecraft:furnace":1,"minecraft:cooked_porkchop":7,"minecraft:cooked_beef":8,"minecraft:birch_stairs":26},"minecraft:picked_up":{"minecraft:birch_log":12,"minecraft:birch_leaves":1,"minecraft:crafting_table":2,"minecraft:chicken":1,"minecraft:leather":4,"minecraft:oak_stairs":1,"minecraft:flint":3,"minecraft:oak_log":51,"minecraft:gunpowder":2,"minecraft:dirt":942,"minecraft:string":4,"minecraft:bone":6,"minecraft:wheat_seeds":33,"minecraft:beef":12,"minecraft:oak_planks":3,"minecraft:stick":6,"minecraft:oak_slab":19,"minecraft:raw_iron":13,"minecraft:oak_door":3,"minecraft:torch":1,"minecraft:dandelion":1,"minecraft:gravel":9,"minecraft:white_bed":1,"minecraft:spider_eye":2,"minecraft:arrow":10,"minecraft:rotten_flesh":5,"minecraft:granite":6,"minecraft:coal":26,"minecraft:oak_leaves":356,"minecraft:white_wool":4,"minecraft:cobblestone":253},"minecraft:custom":{"minecraft:interact_with_furnace":42,"minecraft:mob_kills":12,"minecraft:interact_with_crafting_table":25,"minecraft:leave_game":3,"minecraft:time_since_death":27764,"minecraft:sleep_in_bed":6,"minecraft:time_since_rest":0,"minecraft:sprint_one_cm":210771,"minecraft:damage_taken":1234,"minecraft:walk_one_cm":723124,"minecraft:drop":3,"minecraft:damage_dealt":1947,"minecraft:swim_one_cm":10452,"minecraft:fly_one_cm":470113,"minecraft:open_chest":2,"minecraft:crouch_one_cm":16875,"minecraft:play_time":126983,"tombstone:undead_killed":2,"minecraft:deaths":1,"minecraft:sneak_time":3959,"minecraft:walk_under_water_one_cm":7773,"minecraft:jump":2257,"minecraft:walk_on_water_one_cm":12306,"minecraft:total_world_time":126983,"minecraft:fall_one_cm":53139},"minecraft:mined":{"minecraft:oak_slab":18,"minecraft:white_bed":1,"minecraft:oak_door":3,"minecraft:dandelion":1,"minecraft:cornflower":1,"minecraft:crafting_table":2,"minecraft:torch":1,"minecraft:granite":6,"minecraft:grass_block":927,"minecraft:cobblestone":8,"minecraft:tall_grass":7,"minecraft:oak_planks":3,"minecraft:birch_log":12,"minecraft:iron_ore":13,"minecraft:birch_leaves":3,"minecraft:grass":143,"minecraft:oak_log":56,"minecraft:coal_ore":26,"minecraft:oak_stairs":1,"minecraft:gravel":16,"minecraft:dirt":112,"minecraft:stone":260,"minecraft:oak_leaves":398},"minecraft:dropped":{"minecraft:cooked_mutton":1,"minecraft:stick":1,"minecraft:spider_eye":1},"minecraft:broken":{"minecraft:stone_pickaxe":1,"minecraft:iron_shovel":1,"minecraft:shears":1,"minecraft:stone_shovel":5},"minecraft:killed":{"minecraft:spider":2,"minecraft:creeper":1,"minecraft:skeleton":2,"minecraft:chicken":1,"minecraft:cow":5},"minecraft:crafted":{"minecraft:cooked_beef":9,"minecraft:oak_door":3,"minecraft:oak_planks":204,"minecraft:oak_slab":132,"minecraft:stone_shovel":6,"minecraft:cooked_porkchop":7,"minecraft:crafting_table":7,"minecraft:wooden_pickaxe":1,"minecraft:furnace":1,"minecraft:birch_planks":48,"minecraft:stone_axe":1,"minecraft:cooked_mutton":3,"minecraft:air":0,"minecraft:iron_axe":1,"minecraft:stick":28,"minecraft:iron_ingot":11,"minecraft:iron_pickaxe":1,"minecraft:stone_pickaxe":1,"minecraft:oak_stairs":8,"minecraft:iron_shovel":1,"minecraft:white_bed":1,"minecraft:torch":16,"minecraft:birch_stairs":32,"minecraft:shears":2},"minecraft:killed_by":{"minecraft:spider":1}},"DataVersion":3465}