{"stats":{"minecraft:used":{"minecraft:cooked_mutton":2,"minecraft:oak_stairs":3,"minecraft:stone_pickaxe":15,"minecraft:wooden_pickaxe":3,"minecraft:stone_axe":58,"minecraft:dirt":3,"minecraft:oak_slab":33,"minecraft:crafting_table":4,"minecraft:cooked_porkchop":2},"minecraft:picked_up":{"minecraft:birch_log":12,"minecraft:oak_slab":3,"minecraft:raw_iron":3,"minecraft:leather":4,"minecraft:oak_stairs":1,"minecraft:gravel":9,"minecraft:flint":3,"minecraft:oak_log":45,"minecraft:dirt":3,"minecraft:beef":7,"minecraft:coal":4,"minecraft:cobblestone":11},"minecraft:mined":{"minecraft:oak_slab":3,"minecraft:birch_log":12,"minecraft:iron_ore":3,"minecraft:grass":1,"minecraft:oak_log":45,"minecraft:grass_block":1,"minecraft:coal_ore":4,"minecraft:oak_stairs":1,"minecraft:gravel":16,"minecraft:dirt":2,"minecraft:tall_grass":1,"minecraft:stone":11,"minecraft:oak_leaves":5},"minecraft:custom":{"minecraft:time_since_rest":19722,"minecraft:interact_with_furnace":6,"minecraft:sprint_one_cm":26444,"minecraft:damage_taken":190,"minecraft:walk_one_cm":72256,"minecraft:mob_kills":3,"minecraft:drop":1,"minecraft:damage_dealt":371,"minecraft:interact_with_crafting_table":10,"minecraft:swim_one_cm":7542,"minecraft:fly_one_cm":65388,"minecraft:crouch_one_cm":148,"minecraft:play_time":19722,"minecraft:sneak_time":212,"minecraft:walk_under_water_one_cm":2956,"minecraft:jump":300,"minecraft:leave_game":1,"minecraft:walk_on_water_one_cm":5018,"minecraft:time_since_death":19722,"minecraft:total_world_time":19722,"minecraft:fall_one_cm":6658},"minecraft:dropped":{"minecraft:cooked_mutton":1},"minecraft:killed":{"minecraft:cow":3},"minecraft:crafted":{"minecraft:oak_slab":120,"minecraft:oak_planks":180,"minecraft:cooked_porkchop":5,"minecraft:crafting_table":4,"minecraft:stick":8,"minecraft:iron_ingot":3,"minecraft:wooden_pickaxe":1,"minecraft:iron_pickaxe":1,"minecraft:stone_pickaxe":1,"minecraft:oak_stairs":8,"minecraft:stone_axe":1,"minecraft:air":0,"minecraft:cooked_mutton":3}},"DataVersion":3465}