{"stats":{"minecraft:used":{"minecraft:cooked_mutton":2,"minecraft:iron_shovel":282,"minecraft:stone_shovel":510,"minecraft:stone_pickaxe":131,"minecraft:oak_planks":63,"minecraft:wooden_pickaxe":3,"minecraft:rotten_flesh":4,"minecraft:oak_leaves":237,"minecraft:oak_door":5,"minecraft:torch":14,"minecraft:dirt":403,"minecraft:oak_slab":148,"minecraft:crafting_table":8,"minecraft:white_bed":2,"minecraft:shears":382,"minecraft:oak_stairs":5,"minecraft:iron_axe":27,"minecraft:iron_pickaxe":137,"minecraft:gravel":9,"minecraft:stone_axe":92,"minecraft:cobblestone":183,"minecraft:oak_sapling":8,"minecraft:furnace":1,"minecraft:cooked_porkchop":7,"minecraft:cooked_beef":4,"minecraft:birch_stairs":26},"minecraft:picked_up":{"minecraft:birch_log":12,"minecraft:birch_leaves":1,"minecraft:crafting_table":2,"minecraft:chicken":1,"minecraft:leather":4,"minecraft:oak_stairs":1,"minecraft:flint":3,"minecraft:oak_log":51,"minecraft:gunpowder":2,"minecraft:dirt":712,"minecraft:string":2,"minecraft:bone":4,"minecraft:wheat_seeds":27,"minecraft:beef":7,"minecraft:oak_planks":3,"minecraft:stick":6,"minecraft:oak_slab":19,"minecraft:raw_iron":13,"minecraft:oak_door":3,"minecraft:torch":1,"minecraft:gravel":9,"minecraft:white_bed":1,"minecraft:arrow":9,"minecraft:rotten_flesh":4,"minecraft:granite":6,"minecraft:coal":26,"minecraft:oak_leaves":354,"minecraft:white_wool":4,"minecraft:cobblestone":202},"minecraft:custom":{"minecraft:interact_with_furnace":33,"minecraft:mob_kills":9,"minecraft:interact_with_crafting_table":23,"minecraft:leave_game":3,"minecraft:time_since_death":3764,"minecraft:sleep_in_bed":4,"minecraft:time_since_rest":3166,"minecraft:sprint_one_cm":160865,"minecraft:damage_taken":1019,"minecraft:walk_one_cm":576128,"minecraft:drop":2,"minecraft:damage_dealt":1578,"minecraft:swim_one_cm":10452,"minecraft:fly_one_cm":376119,"minecraft:open_chest":1,"minecraft:crouch_one_cm":14712,"minecraft:play_time":102983,"tombstone:undead_killed":2,"minecraft:deaths":1,"minecraft:sneak_time":3498,"minecraft:walk_under_water_one_cm":7773,"minecraft:jump":1830,"minecraft:walk_on_water_one_cm":12306,"minecraft:total_world_time":102983,"minecraft:fall_one_cm":40983},"minecraft:mined":{"minecraft:oak_slab":18,"minecraft:white_bed":1,"minecraft:oak_door":3,"minecraft:crafting_table":2,"minecraft:torch":1,"minecraft:granite":6,"minecraft:grass_block":751,"minecraft:cobblestone":7,"minecraft:tall_grass":5,"minecraft:oak_planks":3,"minecraft:birch_log":12,"minecraft:iron_ore":13,"minecraft:birch_leaves":3,"minecraft:grass":133,"minecraft:oak_log":51,"minecraft:coal_ore":26,"minecraft:oak_stairs":1,"minecraft:gravel":16,"minecraft:dirt":67,"minecraft:stone":213,"minecraft:oak_leaves":397},"minecraft:dropped":{"minecraft:cooked_mutton":1,"minecraft:stick":1},"minecraft:broken":{"minecraft:stone_pickaxe":1,"minecraft:iron_shovel":1,"minecraft:shears":1,"minecraft:stone_shovel":3},"minecraft:killed":{"minecraft:spider":1,"minecraft:creeper":1,"minecraft:skeleton":2,"minecraft:chicken":1,"minecraft:cow":3},"minecraft:crafted":{"minecraft:cooked_beef":4,"minecraft:oak_door":3,"minecraft:oak_planks":204,"minecraft:oak_slab":132,"minecraft:stone_shovel":4,"minecraft:cooked_porkchop":7,"minecraft:crafting_table":6,"minecraft:wooden_pickaxe":1,"minecraft:furnace":1,"minecraft:birch_planks":48,"minecraft:stone_axe":1,"minecraft:cooked_mutton":3,"minecraft:air":0,"minecraft:iron_axe":1,"minecraft:stick":20,"minecraft:iron_ingot":11,"minecraft:iron_pickaxe":1,"minecraft:stone_pickaxe":1,"minecraft:oak_stairs":8,"minecraft:iron_shovel":1,"minecraft:white_bed":1,"minecraft:torch":16,"minecraft:birch_stairs":32,"minecraft:shears":2},"minecraft:killed_by":{"minecraft:spider":1}},"DataVersion":3465}