{"stats":{"minecraft:used":{"minecraft:cooked_mutton":2,"minecraft:iron_shovel":282,"minecraft:stone_shovel":1194,"minecraft:stone_pickaxe":131,"minecraft:oak_planks":63,"minecraft:wooden_pickaxe":3,"minecraft:cobblestone_slab":49,"minecraft:rotten_flesh":5,"minecraft:oak_leaves":345,"minecraft:oak_door":5,"minecraft:torch":17,"minecraft:dirt":933,"minecraft:oak_slab":148,"minecraft:crafting_table":9,"minecraft:white_bed":2,"minecraft:shears":451,"minecraft:oak_stairs":5,"minecraft:iron_axe":40,"minecraft:iron_pickaxe":237,"minecraft:gravel":9,"minecraft:stone_axe":92,"minecraft:cobblestone":240,"minecraft:oak_sapling":12,"minecraft:furnace":1,"minecraft:cooked_porkchop":7,"minecraft:cooked_beef":9,"minecraft:birch_stairs":26},"minecraft:picked_up":{"minecraft:birch_log":12,"minecraft:birch_leaves":2,"minecraft:crafting_table":2,"minecraft:chicken":1,"minecraft:leather":4,"minecraft:oak_stairs":1,"minecraft:flint":3,"minecraft:oak_log":51,"minecraft:gunpowder":2,"minecraft:dirt":1398,"minecraft:string":4,"minecraft:bone":6,"minecraft:wheat_seeds":43,"minecraft:beef":12,"minecraft:cobblestone_slab":1,"minecraft:oak_planks":3,"minecraft:stick":7,"minecraft:oak_slab":19,"minecraft:raw_iron":13,"minecraft:oak_door":3,"minecraft:torch":1,"minecraft:dandelion":1,"minecraft:gravel":9,"minecraft:white_bed":1,"minecraft:spider_eye":2,"minecraft:stone_shovel":1,"minecraft:arrow":10,"minecraft:rotten_flesh":5,"minecraft:granite":8,"minecraft:coal":26,"minecraft:oak_leaves":425,"minecraft:white_wool":4,"minecraft:cobblestone":288},"minecraft:custom":{"minecraft:interact_with_furnace":42,"minecraft:mob_kills":12,"minecraft:interact_with_crafting_table":29,"minecraft:leave_game":3,"minecraft:time_since_death":51764,"minecraft:sleep_in_bed":7,"minecraft:time_since_rest":7790,"minecraft:sprint_one_cm":266533,"minecraft:damage_taken":1234,"minecraft:walk_one_cm":837914,"minecraft:drop":9,"minecraft:damage_dealt":1947,"minecraft:swim_one_cm":10452,"minecraft:fly_one_cm":573048,"minecraft:open_chest":2,"minecraft:crouch_one_cm":19262,"minecraft:play_time":150983,"tombstone:undead_killed":2,"minecraft:deaths":1,"minecraft:sneak_time":4433,"minecraft:walk_under_water_one_cm":7773,"minecraft:jump":2658,"minecraft:walk_on_water_one_cm":12306,"minecraft:total_world_time":150983,"minecraft:fall_one_cm":65671},"minecraft:mined":{"minecraft:oak_slab":18,"minecraft:white_bed":1,"minecraft:oak_door":3,"minecraft:dandelion":1,"minecraft:cornflower":1,"minecraft:crafting_table":2,"minecraft:torch":1,"minecraft:granite":8,"minecraft:grass_block":1296,"minecraft:cobblestone":8,"minecraft:tall_grass":16,"minecraft:oak_planks":3,"minecraft:birch_log":12,"minecraft:iron_ore":13,"minecraft:birch_leaves":3,"minecraft:cobblestone_slab":1,"minecraft:grass":200,"minecraft:oak_log":56,"minecraft:coal_ore":26,"minecraft:oak_stairs":1,"minecraft:gravel":16,"minecraft:dirt":211,"minecraft:stone":295,"minecraft:oak_leaves":483},"minecraft:dropped":{"minecraft:birch_leaves":1,"minecraft:stone_shovel":1,"minecraft:cooked_mutton":1,"minecraft:stick":1,"minecraft:dirt":68,"minecraft:gunpowder":2,"minecraft:spider_eye":1,"minecraft:bone":6},"minecraft:broken":{"minecraft:stone_pickaxe":1,"minecraft:iron_shovel":1,"minecraft:shears":1,"minecraft:stone_shovel":8},"minecraft:killed":{"minecraft:spider":2,"minecraft:creeper":1,"minecraft:skeleton":2,"minecraft:chicken":1,"minecraft:cow":5},"minecraft:crafted":{"minecraft:cooked_beef":9,"minecraft:oak_door":3,"minecraft:oak_planks":204,"minecraft:oak_slab":132,"minecraft:cobblestone_slab":48,"minecraft:stone_shovel":10,"minecraft:cooked_porkchop":7,"minecraft:crafting_table":7,"minecraft:wooden_pickaxe":1,"minecraft:furnace":1,"minecraft:birch_planks":48,"minecraft:stone_axe":1,"minecraft:cooked_mutton":3,"minecraft:air":0,"minecraft:iron_axe":1,"minecraft:stick":32,"minecraft:iron_ingot":11,"minecraft:iron_pickaxe":1,"minecraft:stone_pickaxe":1,"minecraft:oak_stairs":8,"minecraft:iron_shovel":1,"minecraft:white_bed":1,"minecraft:torch":16,"minecraft:birch_stairs":32,"minecraft:shears":2},"minecraft:killed_by":{"minecraft:spider":1}},"DataVersion":3465}