{"stats":{"minecraft:used":{"minecraft:beetroot":1,"minecraft:oak_fence":57,"minecraft:cherry_sapling":1,"minecraft:white_tulip":2,"minecraft:iron_shovel":876,"minecraft:stone_shovel":2232,"minecraft:poppy":3,"minecraft:oak_sign":2,"minecraft:chest":8,"simpleores:tin_sword":74,"minecraft:iron_sword":255,"minecraft:cooked_chicken":10,"minecraft:rotten_flesh":28,"minecraft:stone_hoe":47,"minecraft:oak_door":6,"car:asphalt":7,"minecraft:torch":149,"minecraft:dirt":3365,"minecraft:lily_of_the_valley":3,"minecraft:carrot":45,"minecraft:allium":3,"minecraft:azure_bluet":2,"minecraft:oak_fence_gate":3,"vanillaplustools:iron_shovel":165,"minecraft:red_tulip":2,"minecraft:iron_axe":409,"minecraft:oak_stairs":5,"minecraft:bow":1,"minecraft:oak_sapling":56,"minecraft:furnace":8,"minecraft:beetroot_seeds":7,"minecraft:egg":1,"minecraft:potato":14,"minecraft:cooked_beef":23,"minecraft:wheat_seeds":30,"minecraft:cooked_mutton":8,"minecraft:water_bucket":9,"minecraft:birch_leaves":16,"minecraft:stone_pickaxe":787,"minecraft:baked_potato":8,"minecraft:oak_planks":63,"minecraft:orange_tulip":1,"minecraft:wooden_pickaxe":3,"minecraft:cobblestone_slab":209,"minecraft:oak_leaves":829,"minecraft:white_wool":2,"minecraft:oak_slab":148,"minecraft:crafting_table":17,"minecraft:white_bed":6,"minecraft:shears":952,"minecraft:apple":8,"minecraft:oxeye_daisy":2,"minecraft:iron_pickaxe":1041,"gep:cola":1,"minecraft:sunflower":10,"minecraft:bread":5,"car:asphalt_slope":54,"minecraft:gravel":9,"minecraft:lilac":29,"minecraft:stone_axe":106,"minecraft:cobblestone":410,"car:asphalt_slab":693,"minecraft:cooked_porkchop":19,"minecraft:bucket":9,"minecraft:oak_boat":1,"minecraft:dandelion":20,"minecraft:bone_meal":15,"minecraft:birch_stairs":26},"minecraft:dropped":{"minecraft:birch_leaves":1,"minecraft:cooked_beef":2,"minecraft:oak_log":128,"minecraft:feather":3,"minecraft:leather":2,"minecraft:coal":3,"minecraft:stick":3,"minecraft:oxeye_daisy":3,"minecraft:dirt":341,"minecraft:grass":1,"minecraft:torch":1,"minecraft:sunflower":1,"minecraft:string":2,"minecraft:white_wool":1,"minecraft:dandelion":2,"minecraft:bone":7,"minecraft:oak_door":1,"minecraft:gravel":8,"car:canola_seeds":14,"minecraft:stone_shovel":1,"tombstone:gift":2,"minecraft:chicken":1,"minecraft:rotten_flesh":7,"minecraft:oak_planks":58,"minecraft:cooked_mutton":1,"minecraft:azure_bluet":2,"minecraft:potato":7,"minecraft:peony":11,"minecraft:gunpowder":2,"minecraft:spider_eye":2,"minecraft:beef":4},"minecraft:custom":{"minecraft:mob_kills":117,"minecraft:interact_with_crafting_table":118,"minecraft:leave_game":8,"minecraft:time_since_death":21296,"minecraft:sprint_one_cm":1465274,"minecraft:walk_one_cm":2759735,"minecraft:drop":57,"minecraft:play_time":576442,"minecraft:sneak_time":11467,"minecraft:deaths":9,"minecraft:walk_under_water_one_cm":34166,"minecraft:boat_one_cm":54225,"minecraft:jump":10654,"minecraft:walk_on_water_one_cm":65454,"minecraft:total_world_time":576442,"minecraft:interact_with_furnace":143,"tombstone:raider_killed":1,"minecraft:sleep_in_bed":20,"minecraft:time_since_rest":19971,"minecraft:damage_taken":5998,"minecraft:trigger_trapped_chest":2,"minecraft:damage_dealt":19181,"minecraft:swim_one_cm":125477,"minecraft:fly_one_cm":2333343,"minecraft:open_chest":61,"minecraft:crouch_one_cm":39125,"tombstone:undead_killed":62,"minecraft:fall_one_cm":238494},"minecraft:mined":{"minecraft:white_bed":2,"minecraft:oak_door":3,"fvtm:asphalt_0":3,"minecraft:granite":36,"minecraft:allium":4,"minecraft:grass_block":3543,"minecraft:kelp":2,"minecraft:furnace":3,"minecraft:carrots":19,"minecraft:cobbled_deepslate":4,"minecraft:iron_ore":59,"minecraft:andesite":2,"minecraft:peony":13,"minecraft:azure_bluet":7,"minecraft:red_tulip":2,"minecraft:potatoes":16,"minecraft:deepslate_iron_ore":31,"minecraft:cobblestone_slab":114,"minecraft:oak_stairs":1,"simpleores:tin_ore":1,"minecraft:white_tulip":2,"minecraft:stone":1071,"minecraft:oak_slab":18,"minecraft:lily_of_the_valley":4,"minecraft:dandelion":28,"minecraft:cornflower":5,"minecraft:crafting_table":4,"minecraft:torch":3,"car:canola":3,"minecraft:poppy":4,"iceandfire:ghost_chest":2,"minecraft:chest":3,"minecraft:copper_ore":3,"minecraft:tall_grass":96,"minecraft:cobblestone":99,"minecraft:deepslate_gold_ore":6,"minecraft:oak_planks":4,"minecraft:diorite":3,"minecraft:wall_torch":1,"minecraft:birch_log":12,"minecraft:wheat":42,"minecraft:lilac":35,"minecraft:birch_leaves":42,"minecraft:orange_tulip":1,"minecraft:grass":613,"minecraft:oak_log":351,"minecraft:coal_ore":158,"minecraft:beetroots":7,"car:asphalt_slope":3,"minecraft:oak_fence_gate":1,"minecraft:gravel":24,"minecraft:sunflower":24,"minecraft:dirt":687,"car:asphalt_slab":81,"minecraft:oak_leaves":1068,"minecraft:deepslate":91},"minecraft:crafted":{"minecraft:oak_door":6,"minecraft:oak_planks":484,"minecraft:cobblestone_slab":180,"minecraft:stone_shovel":16,"minecraft:oak_sign":3,"vanillaplustools:iron_shovel":1,"minecraft:cooked_chicken":9,"minecraft:furnace":6,"car:asphalt":408,"minecraft:bone_meal":15,"minecraft:cooked_mutton":9,"car:asphalt_slab":612,"minecraft:iron_boots":1,"minecraft:iron_axe":2,"minecraft:stone_pickaxe":6,"minecraft:chest":5,"minecraft:stone_hoe":1,"minecraft:oak_fence":57,"minecraft:cooked_beef":31,"minecraft:oak_slab":132,"minecraft:cooked_porkchop":19,"minecraft:crafting_table":13,"minecraft:wooden_pickaxe":1,"minecraft:iron_helmet":1,"minecraft:baked_potato":8,"minecraft:iron_sword":1,"minecraft:bucket":2,"minecraft:birch_planks":48,"minecraft:stone_axe":1,"minecraft:bread":5,"minecraft:air":0,"minecraft:oak_fence_gate":2,"minecraft:oak_boat":1,"car:asphalt_slope":54,"minecraft:iron_chestplate":1,"minecraft:stick":160,"minecraft:iron_ingot":90,"minecraft:iron_pickaxe":6,"minecraft:oak_stairs":8,"minecraft:iron_shovel":15,"minecraft:iron_leggings":1,"minecraft:white_bed":1,"minecraft:torch":144,"minecraft:birch_stairs":32,"minecraft:shears":6},"minecraft:killed_by":{"minecraft:player":1,"minecraft:spider":1,"minecraft:skeleton":2,"iceandfire:ghost":5},"minecraft:broken":{"minecraft:iron_shovel":3,"minecraft:shears":4,"minecraft:stone_pickaxe":6,"minecraft:iron_axe":1,"minecraft:stone_axe":1,"minecraft:iron_sword":1,"minecraft:iron_pickaxe":4,"minecraft:iron_helmet":1,"minecraft:stone_shovel":16},"minecraft:picked_up":{"minecraft:crafting_table":4,"minecraft:wheat":16,"minecraft:allium":3,"minecraft:azure_bluet":6,"minecraft:chicken":10,"car:asphalt_slope":3,"minecraft:oak_stairs":1,"minecraft:cornflower":4,"minecraft:string":12,"minecraft:raw_copper":11,"minecraft:beetroot":1,"minecraft:cobbled_deepslate":95,"minecraft:beef":38,"minecraft:white_tulip":2,"simpleores:raw_tin":3,"minecraft:cobblestone_slab":117,"minecraft:poppy":3,"minecraft:chest":3,"minecraft:furnace":2,"minecraft:egg":3,"minecraft:stick":45,"minecraft:raw_iron":90,"iceandfire:ghost_chest":2,"minecraft:oak_door":3,"minecraft:torch":7,"minecraft:porkchop":15,"tombstone:grave_dust":8,"minecraft:diorite":5,"minecraft:carrot":35,"minecraft:stone_shovel":1,"minecraft:arrow":29,"minecraft:rotten_flesh":38,"minecraft:beetroot_seeds":9,"minecraft:peony":11,"minecraft:shears":1,"minecraft:red_tulip":2,"minecraft:mutton":10,"minecraft:birch_log":12,"minecraft:white_wool":9,"minecraft:cobblestone":1163,"minecraft:oxeye_daisy":5,"minecraft:birch_leaves":32,"minecraft:feather":5,"minecraft:lilac":31,"minecraft:andesite":2,"minecraft:leather":21,"minecraft:potato":29,"minecraft:flint":3,"minecraft:oak_log":345,"minecraft:gunpowder":2,"minecraft:dirt":4024,"tombstone:gift":2,"minecraft:bone":24,"minecraft:apple":8,"minecraft:bow":4,"minecraft:wheat_seeds":204,"minecraft:orange_tulip":1,"minecraft:oak_fence_gate":1,"minecraft:raw_gold":6,"minecraft:cooked_chicken":1,"car:canola":3,"minecraft:oak_planks":3,"car:asphalt_slab":81,"minecraft:oak_slab":19,"car:canola_seeds":35,"minecraft:dandelion":36,"minecraft:gravel":17,"minecraft:white_bed":5,"minecraft:lily_of_the_valley":3,"minecraft:spider_eye":5,"gep:cola":1,"minecraft:pumpkin_seeds":3,"minecraft:diamond":1,"minecraft:cherry_sapling":1,"minecraft:granite":36,"minecraft:grass":1,"minecraft:melon_seeds":1,"tombstone:magic_scroll":1,"minecraft:oak_sapling":41,"minecraft:coal":272,"minecraft:oak_leaves":829,"minecraft:sunflower":22},"minecraft:killed":{"minecraft:witch":1,"minecraft:spider":11,"minecraft:skeleton":17,"minecraft:chicken":10,"minecraft:drowned":1,"minecraft:pig":8,"minecraft:creeper":1,"minecraft:sheep":5,"alexsmobs:catfish":1,"minecraft:trader_llama":2,"minecraft:zombie":38,"iceandfire:ghost":6,"minecraft:cow":15}},"DataVersion":3465}