{"stats":{"minecraft:picked_up":{"minecraft:gravel":9,"minecraft:flint":3,"minecraft:oak_log":4,"minecraft:dirt":2},"minecraft:used":{"minecraft:cooked_mutton":2,"minecraft:dirt":2},"minecraft:mined":{"minecraft:oak_log":4,"minecraft:gravel":16,"minecraft:dirt":2,"minecraft:tall_grass":1,"minecraft:oak_leaves":3},"minecraft:custom":{"minecraft:time_since_rest":9485,"minecraft:crouch_one_cm":106,"minecraft:play_time":9485,"minecraft:interact_with_furnace":3,"minecraft:sprint_one_cm":8279,"minecraft:damage_taken":180,"minecraft:walk_one_cm":35288,"minecraft:sneak_time":12,"minecraft:walk_under_water_one_cm":969,"minecraft:drop":1,"minecraft:jump":99,"minecraft:damage_dealt":63,"minecraft:leave_game":1,"minecraft:walk_on_water_one_cm":1035,"minecraft:time_since_death":9485,"minecraft:total_world_time":9485,"minecraft:swim_one_cm":798,"minecraft:interact_with_crafting_table":2,"minecraft:fall_one_cm":1881,"minecraft:fly_one_cm":22049},"minecraft:dropped":{"minecraft:cooked_mutton":1},"minecraft:crafted":{"minecraft:oak_planks":16,"minecraft:cooked_mutton":3}},"DataVersion":3465}