{"stats":{"minecraft:used":{"minecraft:white_tulip":1,"minecraft:iron_shovel":611,"minecraft:stone_shovel":2080,"minecraft:poppy":2,"minecraft:oak_sign":2,"minecraft:chest":5,"minecraft:iron_sword":213,"minecraft:cooked_chicken":9,"minecraft:rotten_flesh":27,"minecraft:stone_hoe":29,"minecraft:oak_door":6,"car:asphalt":6,"minecraft:torch":101,"minecraft:dirt":2533,"minecraft:lily_of_the_valley":3,"minecraft:carrot":9,"minecraft:allium":3,"minecraft:azure_bluet":2,"minecraft:red_tulip":2,"minecraft:iron_axe":269,"minecraft:oak_stairs":5,"minecraft:bow":1,"minecraft:oak_sapling":40,"minecraft:furnace":8,"minecraft:beetroot_seeds":6,"minecraft:egg":1,"minecraft:potato":8,"minecraft:cooked_beef":19,"minecraft:wheat_seeds":8,"minecraft:cooked_mutton":8,"minecraft:water_bucket":6,"minecraft:birch_leaves":16,"minecraft:stone_pickaxe":787,"minecraft:baked_potato":2,"minecraft:oak_planks":63,"minecraft:orange_tulip":1,"minecraft:wooden_pickaxe":3,"minecraft:cobblestone_slab":209,"minecraft:oak_leaves":829,"minecraft:white_wool":2,"minecraft:oak_slab":148,"minecraft:crafting_table":15,"minecraft:white_bed":4,"minecraft:shears":952,"minecraft:apple":4,"minecraft:oxeye_daisy":2,"minecraft:sunflower":10,"gep:cola":1,"minecraft:iron_pickaxe":821,"car:asphalt_slope":42,"minecraft:gravel":9,"minecraft:lilac":29,"minecraft:stone_axe":106,"minecraft:cobblestone":409,"car:asphalt_slab":335,"minecraft:cooked_porkchop":16,"minecraft:bucket":7,"minecraft:oak_boat":1,"minecraft:dandelion":15,"minecraft:bone_meal":6,"minecraft:birch_stairs":26},"minecraft:dropped":{"minecraft:birch_leaves":1,"minecraft:cooked_beef":2,"minecraft:feather":3,"minecraft:leather":2,"minecraft:stick":3,"minecraft:oxeye_daisy":3,"minecraft:dirt":73,"minecraft:grass":1,"minecraft:torch":1,"minecraft:sunflower":1,"minecraft:string":2,"minecraft:white_wool":1,"minecraft:dandelion":2,"minecraft:bone":7,"minecraft:oak_door":1,"minecraft:gravel":8,"car:canola_seeds":14,"minecraft:stone_shovel":1,"tombstone:gift":2,"minecraft:chicken":1,"minecraft:rotten_flesh":7,"minecraft:cooked_mutton":1,"minecraft:azure_bluet":2,"minecraft:gunpowder":2,"minecraft:spider_eye":2},"minecraft:custom":{"minecraft:mob_kills":85,"minecraft:interact_with_crafting_table":93,"minecraft:leave_game":7,"minecraft:time_since_death":182061,"minecraft:sprint_one_cm":1015897,"minecraft:walk_one_cm":2104447,"minecraft:drop":40,"minecraft:play_time":429663,"minecraft:sneak_time":10647,"minecraft:deaths":3,"minecraft:walk_under_water_one_cm":23892,"minecraft:boat_one_cm":54225,"minecraft:jump":8037,"minecraft:walk_on_water_one_cm":52524,"minecraft:total_world_time":429663,"minecraft:interact_with_furnace":121,"minecraft:sleep_in_bed":18,"minecraft:time_since_rest":56759,"minecraft:damage_taken":3767,"minecraft:damage_dealt":13408,"minecraft:swim_one_cm":96577,"minecraft:fly_one_cm":1755605,"minecraft:open_chest":33,"minecraft:crouch_one_cm":36125,"tombstone:undead_killed":43,"minecraft:fall_one_cm":187830},"minecraft:mined":{"minecraft:white_bed":2,"minecraft:oak_door":3,"fvtm:asphalt_0":3,"minecraft:granite":36,"minecraft:allium":4,"minecraft:grass_block":2200,"minecraft:kelp":2,"minecraft:furnace":3,"minecraft:carrots":12,"minecraft:iron_ore":59,"minecraft:andesite":2,"minecraft:azure_bluet":5,"minecraft:red_tulip":2,"minecraft:potatoes":10,"minecraft:deepslate_iron_ore":31,"minecraft:cobblestone_slab":114,"minecraft:oak_stairs":1,"simpleores:tin_ore":1,"minecraft:stone":986,"minecraft:white_tulip":1,"minecraft:oak_slab":18,"minecraft:lily_of_the_valley":4,"minecraft:dandelion":10,"minecraft:crafting_table":4,"minecraft:cornflower":4,"minecraft:torch":2,"minecraft:poppy":3,"minecraft:chest":2,"minecraft:copper_ore":3,"minecraft:tall_grass":78,"minecraft:cobblestone":90,"minecraft:deepslate_gold_ore":6,"minecraft:oak_planks":4,"minecraft:diorite":3,"minecraft:wall_torch":1,"minecraft:birch_log":12,"minecraft:wheat":26,"minecraft:lilac":33,"minecraft:birch_leaves":42,"minecraft:orange_tulip":1,"minecraft:grass":530,"minecraft:oak_log":236,"minecraft:coal_ore":132,"minecraft:beetroots":7,"minecraft:sunflower":24,"minecraft:gravel":24,"minecraft:dirt":621,"car:asphalt_slab":5,"minecraft:oak_leaves":1027,"minecraft:deepslate":91},"minecraft:crafted":{"minecraft:oak_door":6,"minecraft:oak_planks":284,"minecraft:cobblestone_slab":180,"minecraft:stone_shovel":15,"minecraft:oak_sign":3,"minecraft:cooked_chicken":8,"minecraft:furnace":6,"car:asphalt":240,"minecraft:bone_meal":6,"minecraft:cooked_mutton":9,"car:asphalt_slab":330,"minecraft:iron_boots":1,"minecraft:iron_axe":2,"minecraft:stone_pickaxe":6,"minecraft:chest":3,"minecraft:stone_hoe":1,"minecraft:cooked_beef":21,"minecraft:oak_slab":132,"minecraft:cooked_porkchop":16,"minecraft:crafting_table":11,"minecraft:iron_helmet":1,"minecraft:wooden_pickaxe":1,"minecraft:baked_potato":2,"minecraft:iron_sword":1,"minecraft:bucket":2,"minecraft:birch_planks":48,"minecraft:stone_axe":1,"minecraft:air":0,"minecraft:oak_boat":1,"car:asphalt_slope":42,"minecraft:iron_chestplate":1,"minecraft:stick":84,"minecraft:iron_ingot":90,"minecraft:iron_pickaxe":6,"minecraft:oak_stairs":8,"minecraft:iron_shovel":3,"minecraft:iron_leggings":1,"minecraft:white_bed":1,"minecraft:torch":104,"minecraft:birch_stairs":32,"minecraft:shears":6},"minecraft:killed_by":{"minecraft:spider":1,"minecraft:skeleton":2},"minecraft:broken":{"minecraft:iron_shovel":2,"minecraft:shears":4,"minecraft:stone_pickaxe":6,"minecraft:iron_axe":1,"minecraft:stone_axe":1,"minecraft:iron_pickaxe":3,"minecraft:stone_shovel":15},"minecraft:picked_up":{"minecraft:crafting_table":4,"minecraft:allium":3,"minecraft:azure_bluet":4,"minecraft:chicken":9,"minecraft:oak_stairs":1,"minecraft:cornflower":3,"minecraft:string":11,"minecraft:raw_copper":11,"minecraft:cobbled_deepslate":91,"minecraft:beef":24,"minecraft:white_tulip":1,"simpleores:raw_tin":3,"minecraft:cobblestone_slab":117,"minecraft:poppy":2,"minecraft:chest":2,"minecraft:furnace":2,"minecraft:egg":3,"minecraft:stick":32,"minecraft:raw_iron":90,"minecraft:oak_door":3,"minecraft:torch":6,"minecraft:porkchop":9,"tombstone:grave_dust":4,"minecraft:diorite":5,"minecraft:carrot":9,"minecraft:stone_shovel":1,"minecraft:arrow":23,"minecraft:rotten_flesh":35,"minecraft:beetroot_seeds":6,"minecraft:shears":1,"minecraft:red_tulip":2,"minecraft:mutton":10,"minecraft:birch_log":12,"minecraft:white_wool":9,"minecraft:cobblestone":1071,"minecraft:oxeye_daisy":5,"minecraft:birch_leaves":32,"minecraft:feather":4,"minecraft:lilac":29,"minecraft:andesite":2,"minecraft:leather":14,"minecraft:potato":10,"minecraft:flint":3,"minecraft:oak_log":229,"minecraft:gunpowder":2,"minecraft:dirt":2692,"tombstone:gift":2,"minecraft:bone":19,"minecraft:apple":3,"minecraft:bow":3,"minecraft:wheat_seeds":125,"minecraft:orange_tulip":1,"minecraft:raw_gold":6,"minecraft:cooked_chicken":1,"minecraft:oak_planks":3,"car:asphalt_slab":5,"minecraft:oak_slab":19,"car:canola_seeds":26,"minecraft:dandelion":17,"minecraft:gravel":17,"minecraft:white_bed":3,"minecraft:lily_of_the_valley":3,"minecraft:spider_eye":5,"gep:cola":1,"minecraft:granite":36,"minecraft:grass":1,"minecraft:oak_sapling":24,"minecraft:coal":227,"minecraft:oak_leaves":829,"minecraft:sunflower":22},"minecraft:killed":{"minecraft:spider":9,"minecraft:skeleton":12,"minecraft:chicken":9,"minecraft:drowned":1,"minecraft:pig":6,"minecraft:creeper":1,"minecraft:sheep":5,"minecraft:trader_llama":2,"minecraft:zombie":30,"minecraft:cow":9}},"DataVersion":3465}