{"stats":{"minecraft:used":{"minecraft:oak_fence":60,"minecraft:stone_sword":141,"minecraft:iron_shovel":135,"minecraft:stone_shovel":257,"minecraft:poppy":2,"minecraft:oak_sign":6,"minecraft:shield":18,"minecraft:iron_sword":337,"minecraft:cooked_chicken":8,"minecraft:oak_door":6,"minecraft:torch":62,"minecraft:dirt":197,"minecraft:anvil":1,"minecraft:tuff":3,"minecraft:iron_hoe":121,"minecraft:wooden_axe":1,"minecraft:iron_axe":199,"minecraft:oak_stairs":71,"iceandfire:ghost_chest":1,"minecraft:beef":4,"minecraft:oak_sapling":4,"minecraft:furnace":19,"tombstone:gift":5,"minecraft:egg":3,"minecraft:cooked_beef":13,"minecraft:cobbled_deepslate":14,"minecraft:wheat_seeds":35,"minecraft:cooked_mutton":17,"minecraft:water_bucket":15,"minecraft:oak_planks":258,"minecraft:stone_pickaxe":90,"minecraft:wooden_pickaxe":20,"minecraft:oak_slab":45,"minecraft:crafting_table":2,"minecraft:white_bed":7,"minecraft:oak_log":174,"minecraft:apple":1,"minecraft:sunflower":2,"minecraft:chicken":1,"minecraft:iron_pickaxe":193,"minecraft:lilac":1,"minecraft:stone_axe":264,"minecraft:wooden_sword":66,"minecraft:cobblestone":32,"minecraft:cooked_porkchop":23,"minecraft:bucket":15,"minecraft:glass_pane":23,"alexsmobs:animal_dictionary":1},"minecraft:custom":{"minecraft:interact_with_anvil":2,"minecraft:mob_kills":104,"minecraft:interact_with_crafting_table":96,"minecraft:leave_game":8,"minecraft:time_since_death":100527,"minecraft:sprint_one_cm":1121472,"minecraft:walk_one_cm":1493179,"minecraft:damage_blocked_by_shield":445,"minecraft:drop":89,"minecraft:talked_to_villager":4,"minecraft:play_time":416809,"minecraft:sneak_time":2763,"minecraft:deaths":6,"minecraft:walk_under_water_one_cm":41762,"tombstone:tomb_raiding":1,"minecraft:jump":5711,"minecraft:walk_on_water_one_cm":56368,"minecraft:total_world_time":416809,"minecraft:interact_with_furnace":94,"minecraft:sleep_in_bed":21,"minecraft:time_since_rest":3306,"minecraft:damage_taken":5224,"minecraft:trigger_trapped_chest":2,"minecraft:damage_dealt":16082,"minecraft:player_kills":1,"minecraft:swim_one_cm":86580,"minecraft:fly_one_cm":1210658,"minecraft:open_chest":49,"minecraft:crouch_one_cm":5774,"tombstone:undead_killed":36,"tombstone:villager_killed":1,"minecraft:fall_one_cm":137583},"minecraft:dropped":{"minecraft:iron_ingot":43,"aether:white_cape":1,"minecraft:wheat_seeds":2,"minecraft:cooked_beef":6,"minecraft:cooked_porkchop":3,"minecraft:cobblestone":25,"minecraft:leather":2,"iceandfire:ectoplasm":10,"minecraft:stick":2,"minecraft:dirt":1,"minecraft:cornflower":1,"minecraft:wooden_axe":2,"tombstone:grave_dust":2,"minecraft:string":1,"minecraft:white_wool":2,"minecraft:bone":6,"minecraft:dandelion":1,"alexsmobs:maggot":2,"minecraft:cooked_chicken":1,"minecraft:stone_sword":3,"alexsmobs:animal_dictionary":1,"minecraft:stone_shovel":2,"minecraft:rotten_flesh":19,"minecraft:azure_bluet":1,"minecraft:white_bed":1,"minecraft:pumpkin_seeds":10,"iceandfire:ghost_chest":1,"aether:iron_gloves":1,"minecraft:skeleton_skull":1,"minecraft:oak_sapling":11,"minecraft:spider_eye":1,"minecraft:wooden_pickaxe":2,"minecraft:stone_pickaxe":1,"minecraft:black_wool":1},"minecraft:mined":{"minecraft:tuff":3,"minecraft:white_bed":6,"minecraft:oak_sapling":12,"minecraft:farmland":3,"minecraft:deepslate_diamond_ore":4,"minecraft:oak_door":4,"minecraft:grass_block":160,"minecraft:oak_wall_sign":1,"minecraft:furnace":14,"minecraft:iron_ore":42,"minecraft:oak_sign":3,"minecraft:deepslate_iron_ore":56,"minecraft:vine":1,"minecraft:dirt_path":44,"minecraft:oak_stairs":39,"minecraft:stripped_oak_log":2,"minecraft:stone":73,"minecraft:oak_slab":22,"minecraft:oak_fence":21,"minecraft:crafting_table":1,"minecraft:torch":9,"minecraft:poppy":1,"iceandfire:ghost_chest":2,"minecraft:tall_grass":6,"minecraft:cobblestone":19,"minecraft:oak_planks":35,"minecraft:wall_torch":10,"minecraft:wheat":1,"minecraft:grass":253,"minecraft:oak_log":297,"minecraft:coal_ore":49,"minecraft:sunflower":2,"minecraft:sand":81,"minecraft:dirt":40,"minecraft:oak_leaves":190,"minecraft:deepslate":9},"minecraft:crafted":{"minecraft:wooden_sword":1,"minecraft:oak_door":3,"minecraft:oak_planks":458,"minecraft:oak_sign":3,"minecraft:stone_shovel":2,"minecraft:cooked_chicken":9,"minecraft:furnace":1,"minecraft:cooked_mutton":18,"minecraft:glass_pane":32,"minecraft:glass":45,"minecraft:diamond_helmet":1,"minecraft:iron_axe":1,"tombstone:grave_key":1,"minecraft:iron_hoe":1,"minecraft:stone_pickaxe":1,"minecraft:oak_fence":42,"minecraft:cooked_beef":18,"minecraft:oak_slab":24,"minecraft:cooked_porkchop":30,"minecraft:crafting_table":1,"minecraft:iron_helmet":1,"minecraft:wooden_pickaxe":1,"minecraft:iron_sword":2,"minecraft:bucket":1,"minecraft:stone_axe":2,"minecraft:shield":1,"minecraft:stick":60,"minecraft:iron_ingot":87,"minecraft:iron_pickaxe":1,"minecraft:oak_stairs":44,"minecraft:wooden_axe":1,"minecraft:iron_block":3,"minecraft:stone_sword":1,"minecraft:iron_shovel":1,"minecraft:anvil":1,"aether:white_cape":1,"minecraft:white_bed":1,"minecraft:torch":44},"minecraft:killed_by":{"minecraft:creeper":2,"alexsmobs:centipede_head":1,"minecraft:skeleton":1,"iceandfire:ghost":2},"minecraft:broken":{"minecraft:wooden_sword":1,"minecraft:stone_axe":2,"minecraft:iron_sword":1,"minecraft:stone_shovel":1},"minecraft:picked_up":{"minecraft:wooden_axe":1,"minecraft:crafting_table":1,"minecraft:azure_bluet":1,"minecraft:chicken":11,"aether:iron_gloves":2,"minecraft:wooden_pickaxe":1,"minecraft:oak_stairs":39,"minecraft:enchanted_book":1,"minecraft:cornflower":1,"minecraft:string":5,"minecraft:raw_copper":3,"minecraft:oak_sign":4,"minecraft:gold_nugget":16,"minecraft:cobbled_deepslate":14,"minecraft:beef":20,"minecraft:poppy":2,"minecraft:furnace":14,"minecraft:egg":3,"minecraft:stick":12,"minecraft:raw_iron":98,"iceandfire:ghost_chest":2,"minecraft:oak_door":4,"minecraft:copper_ingot":1,"minecraft:oak_fence":23,"minecraft:torch":18,"minecraft:porkchop":43,"tombstone:grave_dust":8,"minecraft:stone_shovel":1,"minecraft:rotten_flesh":27,"minecraft:stone_sword":2,"minecraft:arrow":7,"minecraft:mutton":13,"aether:white_cape":1,"alexsmobs:flying_fish":1,"minecraft:skeleton_skull":1,"minecraft:white_wool":10,"minecraft:cobblestone":92,"minecraft:stripped_oak_log":2,"minecraft:cooked_beef":2,"minecraft:feather":12,"minecraft:lilac":1,"minecraft:leather":17,"minecraft:tuff":3,"minecraft:oak_log":298,"iceandfire:ectoplasm":10,"minecraft:dirt":262,"minecraft:bone":16,"minecraft:apple":1,"minecraft:wheat_seeds":24,"alexsmobs:cockroach_wing_fragment":1,"minecraft:oak_planks":39,"minecraft:oak_slab":22,"car:canola_seeds":1,"minecraft:dandelion":1,"minecraft:sand":81,"minecraft:white_bed":7,"minecraft:spider_eye":1,"minecraft:pumpkin_seeds":24,"minecraft:diamond":4,"minecraft:gray_wool":1,"minecraft:emerald":1,"alexsmobs:maggot":2,"minecraft:oak_sapling":26,"minecraft:black_wool":1,"minecraft:coal":57,"minecraft:sunflower":3,"minecraft:ender_pearl":1},"minecraft:killed":{"mca:male_zombie_villager":1,"minecraft:spider":10,"minecraft:skeleton":6,"minecraft:chicken":11,"alexsmobs:flying_fish":1,"minecraft:pig":21,"minecraft:wandering_trader":1,"minecraft:sheep":9,"minecraft:zombie":25,"alexsmobs:cockroach":1,"iceandfire:ghost":4,"alexsmobs:fly":1,"minecraft:cow":11}},"DataVersion":3465}