{"stats":{"minecraft:used":{"minecraft:oak_fence":64,"minecraft:stone_sword":141,"minecraft:iron_shovel":157,"minecraft:stone_shovel":257,"minecraft:oak_sign":9,"minecraft:poppy":2,"minecraft:shield":24,"minecraft:iron_sword":413,"minecraft:cooked_chicken":8,"minecraft:oak_door":6,"minecraft:torch":67,"minecraft:dirt":219,"minecraft:anvil":2,"minecraft:tuff":3,"minecraft:wooden_axe":1,"minecraft:iron_hoe":150,"minecraft:iron_axe":263,"minecraft:oak_stairs":98,"iceandfire:ghost_chest":1,"minecraft:beef":4,"minecraft:oak_sapling":8,"minecraft:furnace":19,"tombstone:gift":5,"minecraft:egg":4,"minecraft:cooked_beef":13,"minecraft:cobbled_deepslate":14,"minecraft:wheat_seeds":48,"minecraft:cooked_mutton":17,"minecraft:water_bucket":15,"minecraft:oak_planks":383,"minecraft:stone_pickaxe":90,"minecraft:wooden_pickaxe":20,"minecraft:oak_slab":62,"minecraft:crafting_table":3,"minecraft:white_bed":7,"minecraft:oak_log":211,"minecraft:black_wool":1,"minecraft:apple":1,"minecraft:bread":4,"minecraft:sunflower":2,"minecraft:chicken":1,"minecraft:iron_pickaxe":274,"minecraft:lilac":1,"tombstone:grave_key":5,"minecraft:stone_axe":264,"minecraft:wooden_sword":66,"minecraft:cobblestone":51,"minecraft:white_banner":2,"minecraft:cooked_porkchop":30,"minecraft:bucket":15,"minecraft:glass_pane":28,"minecraft:yellow_bed":1,"alexsmobs:animal_dictionary":7,"minecraft:gray_wool":1},"minecraft:custom":{"minecraft:interact_with_anvil":2,"minecraft:mob_kills":120,"minecraft:interact_with_crafting_table":111,"minecraft:leave_game":9,"minecraft:time_since_death":840,"minecraft:sprint_one_cm":1415867,"minecraft:walk_one_cm":1839254,"minecraft:damage_blocked_by_shield":620,"minecraft:drop":94,"minecraft:talked_to_villager":4,"minecraft:play_time":525900,"minecraft:sneak_time":5218,"minecraft:deaths":12,"minecraft:walk_under_water_one_cm":44248,"tombstone:tomb_raiding":1,"minecraft:jump":7190,"minecraft:walk_on_water_one_cm":63817,"minecraft:total_world_time":525900,"minecraft:interact_with_furnace":106,"tombstone:raider_killed":1,"minecraft:interact_with_grindstone":1,"minecraft:sleep_in_bed":21,"minecraft:time_since_rest":526,"minecraft:damage_taken":7158,"tombstone:sneak_grave":1,"minecraft:trigger_trapped_chest":2,"minecraft:damage_dealt":19040,"minecraft:player_kills":2,"minecraft:swim_one_cm":119835,"minecraft:fly_one_cm":1493888,"minecraft:open_chest":69,"minecraft:crouch_one_cm":11459,"tombstone:undead_killed":43,"tombstone:villager_killed":1,"minecraft:interact_with_smoker":1,"minecraft:fall_one_cm":176271},"minecraft:dropped":{"minecraft:iron_ingot":43,"aether:white_cape":1,"minecraft:wheat_seeds":2,"minecraft:cooked_beef":6,"minecraft:cooked_porkchop":3,"minecraft:oak_fence":1,"minecraft:cobblestone":25,"minecraft:leather":2,"iceandfire:ectoplasm":10,"minecraft:stick":2,"minecraft:dirt":1,"mca:book_romance":1,"minecraft:cornflower":1,"minecraft:wooden_axe":2,"tombstone:grave_dust":2,"minecraft:string":1,"minecraft:white_wool":2,"minecraft:bone":6,"minecraft:dandelion":1,"car:canola_seeds":1,"alexsmobs:maggot":2,"minecraft:cooked_chicken":1,"minecraft:stone_sword":3,"alexsmobs:animal_dictionary":1,"minecraft:stone_shovel":2,"minecraft:rotten_flesh":23,"minecraft:azure_bluet":1,"minecraft:white_bed":1,"minecraft:pumpkin_seeds":10,"iceandfire:ghost_chest":1,"aether:iron_gloves":1,"minecraft:skeleton_skull":1,"minecraft:yellow_bed":1,"minecraft:oak_sapling":11,"minecraft:spider_eye":1,"minecraft:wooden_pickaxe":2,"minecraft:stone_pickaxe":1,"minecraft:black_wool":1},"minecraft:mined":{"minecraft:tuff":3,"minecraft:white_bed":6,"minecraft:oak_sapling":12,"minecraft:farmland":3,"minecraft:deepslate_diamond_ore":4,"minecraft:oak_door":4,"minecraft:grass_block":168,"minecraft:oak_wall_sign":2,"minecraft:hay_block":28,"minecraft:furnace":14,"minecraft:iron_ore":47,"minecraft:fire":6,"minecraft:anvil":1,"minecraft:dirt_path":44,"minecraft:oak_sign":4,"minecraft:deepslate_iron_ore":56,"minecraft:vine":1,"minecraft:oak_stairs":50,"minecraft:stripped_oak_log":2,"minecraft:stone":92,"minecraft:oak_slab":26,"minecraft:kelp_plant":4,"minecraft:oak_fence":22,"minecraft:crafting_table":2,"minecraft:torch":12,"minecraft:poppy":1,"iceandfire:ghost_chest":2,"minecraft:tall_grass":7,"minecraft:cobblestone":21,"minecraft:oak_planks":58,"minecraft:wall_torch":11,"minecraft:warped_nylium":2,"minecraft:wheat":10,"minecraft:white_wall_banner":1,"minecraft:yellow_bed":2,"minecraft:grass":258,"minecraft:oak_log":324,"minecraft:coal_ore":95,"minecraft:sand":81,"minecraft:sunflower":2,"minecraft:dirt":45,"minecraft:oak_leaves":196,"minecraft:deepslate":9},"minecraft:crafted":{"minecraft:wooden_sword":1,"minecraft:oak_door":3,"minecraft:oak_planks":590,"minecraft:oak_sign":3,"minecraft:stone_shovel":2,"minecraft:cooked_chicken":9,"minecraft:furnace":1,"minecraft:cooked_mutton":18,"minecraft:glass_pane":32,"minecraft:glass":45,"minecraft:diamond_helmet":1,"minecraft:iron_axe":2,"tombstone:grave_key":1,"minecraft:iron_hoe":1,"minecraft:stone_pickaxe":1,"minecraft:oak_fence":42,"minecraft:wheat":252,"minecraft:cooked_beef":18,"minecraft:oak_slab":36,"minecraft:cooked_porkchop":30,"minecraft:crafting_table":2,"minecraft:iron_helmet":1,"minecraft:wooden_pickaxe":1,"minecraft:iron_sword":2,"minecraft:bucket":1,"minecraft:stone_axe":2,"minecraft:bread":85,"minecraft:shield":1,"minecraft:stick":80,"minecraft:iron_ingot":97,"minecraft:iron_pickaxe":3,"minecraft:oak_stairs":48,"minecraft:wooden_axe":1,"minecraft:iron_block":3,"minecraft:stone_sword":1,"minecraft:iron_shovel":1,"minecraft:anvil":1,"aether:white_cape":1,"minecraft:white_bed":1,"minecraft:torch":56},"minecraft:killed_by":{"minecraft:player":1,"minecraft:creeper":2,"alexsmobs:centipede_head":1,"minecraft:skeleton":1,"iceandfire:ghost":2},"minecraft:broken":{"minecraft:iron_axe":1,"minecraft:wooden_sword":1,"minecraft:stone_axe":2,"minecraft:iron_sword":1,"minecraft:iron_pickaxe":1,"minecraft:stone_shovel":1},"minecraft:picked_up":{"minecraft:wooden_axe":1,"minecraft:wheat":4,"minecraft:crafting_table":2,"minecraft:anvil":1,"minecraft:azure_bluet":1,"minecraft:chicken":11,"aether:iron_gloves":3,"minecraft:wooden_pickaxe":1,"minecraft:oak_stairs":62,"minecraft:enchanted_book":2,"minecraft:shield":1,"minecraft:cornflower":1,"minecraft:string":7,"minecraft:raw_copper":3,"minecraft:iron_axe":1,"minecraft:iron_shovel":1,"minecraft:glass_pane":5,"minecraft:oak_sign":7,"minecraft:gold_nugget":16,"minecraft:cobbled_deepslate":14,"minecraft:beef":23,"minecraft:poppy":2,"minecraft:iron_pickaxe":1,"minecraft:furnace":14,"minecraft:egg":4,"minecraft:stick":12,"minecraft:raw_iron":105,"iceandfire:ghost_chest":2,"minecraft:oak_door":4,"minecraft:copper_ingot":1,"minecraft:oak_fence":28,"minecraft:torch":22,"minecraft:porkchop":46,"tombstone:grave_dust":8,"minecraft:stone_shovel":1,"minecraft:stone_sword":2,"minecraft:arrow":15,"minecraft:rotten_flesh":36,"minecraft:hay_block":28,"minecraft:mutton":15,"aether:white_cape":1,"alexsmobs:flying_fish":2,"minecraft:skeleton_skull":1,"minecraft:white_wool":10,"minecraft:cobblestone":112,"minecraft:stripped_oak_log":2,"minecraft:cooked_beef":2,"minecraft:feather":18,"minecraft:lilac":1,"minecraft:leather":18,"minecraft:tuff":3,"minecraft:oak_log":325,"iceandfire:ectoplasm":10,"minecraft:yellow_bed":2,"mca:book_romance":1,"minecraft:dirt":288,"minecraft:white_banner":2,"minecraft:cooked_mutton":1,"minecraft:bone":27,"minecraft:apple":1,"minecraft:wheat_seeds":38,"alexsmobs:cockroach_wing_fragment":1,"minecraft:iron_ingot":4,"minecraft:diamond_helmet":1,"minecraft:stone_hoe":1,"minecraft:iron_sword":1,"minecraft:oak_planks":62,"minecraft:oak_slab":27,"minecraft:cooked_porkchop":5,"car:canola_seeds":2,"minecraft:dandelion":1,"minecraft:sand":81,"minecraft:ink_sac":8,"minecraft:white_bed":7,"minecraft:spider_eye":1,"alexsmobs:animal_dictionary":1,"minecraft:iron_hoe":1,"minecraft:pumpkin_seeds":24,"minecraft:diamond":5,"minecraft:gray_wool":2,"minecraft:emerald":1,"minecraft:netherrack":2,"alexsmobs:maggot":2,"minecraft:oak_sapling":27,"minecraft:black_wool":2,"minecraft:coal":103,"minecraft:sunflower":3,"minecraft:ender_pearl":1},"minecraft:killed":{"mca:male_zombie_villager":1,"alexsmobs:raccoon":1,"minecraft:spider":11,"minecraft:skeleton":7,"minecraft:chicken":11,"alexsmobs:flying_fish":1,"minecraft:pig":22,"minecraft:wandering_trader":1,"minecraft:creeper":2,"minecraft:sheep":10,"minecraft:pillager":1,"minecraft:zombie":31,"alexsmobs:cockroach":1,"iceandfire:ghost":4,"alexsmobs:fly":1,"minecraft:cow":12}},"DataVersion":3465}