{"stats":{"minecraft:used":{"minecraft:cooked_mutton":7,"minecraft:stone_sword":53,"minecraft:stone_shovel":144,"minecraft:stone_pickaxe":43,"minecraft:wooden_pickaxe":20,"minecraft:dirt":50,"minecraft:crafting_table":1,"minecraft:white_bed":2,"minecraft:wooden_axe":1,"minecraft:stone_axe":15,"minecraft:wooden_sword":66,"minecraft:cobblestone":7,"minecraft:beef":2,"minecraft:furnace":1,"minecraft:cooked_porkchop":4,"minecraft:egg":2,"minecraft:cooked_beef":1},"minecraft:picked_up":{"minecraft:wooden_axe":1,"minecraft:azure_bluet":1,"minecraft:feather":6,"minecraft:chicken":4,"minecraft:leather":2,"minecraft:wooden_pickaxe":1,"minecraft:oak_log":23,"minecraft:cornflower":1,"minecraft:string":1,"minecraft:dirt":162,"minecraft:raw_copper":3,"minecraft:wheat_seeds":18,"minecraft:beef":2,"minecraft:egg":2,"minecraft:stick":2,"minecraft:dandelion":1,"minecraft:porkchop":13,"minecraft:white_bed":2,"minecraft:stone_shovel":1,"minecraft:rotten_flesh":4,"alexsmobs:maggot":2,"minecraft:oak_sapling":11,"minecraft:mutton":8,"minecraft:black_wool":1,"minecraft:white_wool":5,"minecraft:cobblestone":41},"minecraft:mined":{"minecraft:white_bed":2,"minecraft:oak_sapling":12,"minecraft:grass_block":140,"minecraft:tall_grass":2,"minecraft:cobblestone":2,"minecraft:grass":194,"minecraft:dirt_path":19,"minecraft:oak_log":23,"minecraft:dirt":7,"minecraft:stone":39,"minecraft:oak_leaves":2},"minecraft:custom":{"minecraft:interact_with_furnace":29,"minecraft:mob_kills":26,"minecraft:interact_with_crafting_table":11,"minecraft:time_since_death":33089,"minecraft:sleep_in_bed":6,"minecraft:time_since_rest":4069,"minecraft:sprint_one_cm":148543,"minecraft:damage_taken":1572,"minecraft:walk_one_cm":236375,"minecraft:drop":20,"minecraft:damage_dealt":3181,"minecraft:swim_one_cm":22416,"minecraft:fly_one_cm":216386,"minecraft:play_time":55272,"tombstone:undead_killed":5,"minecraft:deaths":2,"minecraft:walk_under_water_one_cm":12599,"minecraft:jump":863,"minecraft:walk_on_water_one_cm":7743,"minecraft:total_world_time":55272,"minecraft:fall_one_cm":20586},"minecraft:dropped":{"alexsmobs:maggot":2,"minecraft:wheat_seeds":1,"minecraft:stone_shovel":1,"minecraft:cobblestone":1,"minecraft:rotten_flesh":4,"minecraft:azure_bluet":1,"minecraft:stick":2,"minecraft:cornflower":1,"minecraft:wooden_axe":2,"minecraft:oak_sapling":11,"minecraft:wooden_pickaxe":2,"minecraft:string":1,"minecraft:white_wool":2,"minecraft:black_wool":1,"minecraft:dandelion":1},"minecraft:broken":{"minecraft:wooden_sword":1,"minecraft:stone_shovel":1},"minecraft:killed":{"minecraft:pig":8,"minecraft:spider":1,"minecraft:sheep":6,"minecraft:zombie":5,"minecraft:chicken":4,"alexsmobs:fly":1,"minecraft:cow":1},"minecraft:crafted":{"minecraft:cooked_beef":3,"minecraft:wooden_sword":1,"minecraft:oak_planks":48,"minecraft:stone_shovel":2,"minecraft:cooked_porkchop":12,"minecraft:crafting_table":1,"minecraft:wooden_pickaxe":1,"minecraft:furnace":1,"minecraft:stone_axe":1,"minecraft:cooked_mutton":7,"minecraft:stick":16,"minecraft:stone_pickaxe":1,"minecraft:wooden_axe":1,"minecraft:stone_sword":1,"minecraft:white_bed":1},"minecraft:killed_by":{"minecraft:skeleton":1,"minecraft:creeper":1}},"DataVersion":3465}