{"stats":{"minecraft:used":{"minecraft:oak_fence":53,"minecraft:stone_sword":141,"minecraft:iron_shovel":129,"minecraft:stone_shovel":257,"minecraft:poppy":2,"minecraft:oak_sign":5,"minecraft:shield":12,"minecraft:iron_sword":283,"minecraft:cooked_chicken":5,"minecraft:oak_door":2,"minecraft:torch":62,"minecraft:dirt":197,"minecraft:anvil":1,"minecraft:tuff":3,"minecraft:iron_hoe":76,"minecraft:wooden_axe":1,"minecraft:iron_axe":103,"minecraft:oak_stairs":71,"iceandfire:ghost_chest":1,"minecraft:beef":4,"minecraft:oak_sapling":4,"minecraft:furnace":19,"tombstone:gift":5,"minecraft:egg":3,"minecraft:cooked_beef":13,"minecraft:cobbled_deepslate":14,"minecraft:wheat_seeds":35,"minecraft:cooked_mutton":15,"minecraft:water_bucket":15,"minecraft:stone_pickaxe":90,"minecraft:oak_planks":181,"minecraft:wooden_pickaxe":20,"minecraft:oak_slab":45,"minecraft:crafting_table":2,"minecraft:white_bed":5,"minecraft:oak_log":136,"minecraft:apple":1,"minecraft:sunflower":2,"minecraft:chicken":1,"minecraft:iron_pickaxe":179,"minecraft:stone_axe":264,"minecraft:wooden_sword":66,"minecraft:cobblestone":32,"minecraft:cooked_porkchop":18,"minecraft:bucket":15,"minecraft:glass_pane":22,"alexsmobs:animal_dictionary":1},"minecraft:custom":{"minecraft:mob_kills":96,"minecraft:interact_with_anvil":2,"minecraft:interact_with_crafting_table":89,"minecraft:leave_game":7,"minecraft:time_since_death":738,"minecraft:sprint_one_cm":937809,"minecraft:walk_one_cm":1267524,"minecraft:damage_blocked_by_shield":320,"minecraft:drop":82,"minecraft:talked_to_villager":4,"minecraft:play_time":317020,"minecraft:deaths":6,"minecraft:sneak_time":1253,"minecraft:walk_under_water_one_cm":41762,"minecraft:jump":4849,"minecraft:walk_on_water_one_cm":56368,"minecraft:total_world_time":317020,"minecraft:interact_with_furnace":92,"minecraft:sleep_in_bed":18,"minecraft:time_since_rest":505,"minecraft:damage_taken":4664,"minecraft:trigger_trapped_chest":2,"minecraft:damage_dealt":14327,"minecraft:swim_one_cm":86580,"minecraft:fly_one_cm":1012245,"minecraft:open_chest":37,"minecraft:crouch_one_cm":1978,"tombstone:undead_killed":32,"tombstone:villager_killed":1,"minecraft:fall_one_cm":112395},"minecraft:dropped":{"minecraft:iron_ingot":43,"minecraft:wheat_seeds":2,"minecraft:cooked_beef":6,"minecraft:cooked_porkchop":3,"minecraft:cobblestone":1,"minecraft:leather":2,"iceandfire:ectoplasm":10,"minecraft:stick":2,"minecraft:dirt":1,"minecraft:cornflower":1,"minecraft:wooden_axe":2,"minecraft:string":1,"minecraft:white_wool":2,"minecraft:dandelion":1,"minecraft:bone":6,"alexsmobs:maggot":2,"minecraft:cooked_chicken":1,"minecraft:stone_sword":3,"minecraft:stone_shovel":2,"minecraft:rotten_flesh":18,"minecraft:azure_bluet":1,"minecraft:pumpkin_seeds":10,"iceandfire:ghost_chest":1,"aether:iron_gloves":1,"minecraft:skeleton_skull":1,"minecraft:oak_sapling":11,"minecraft:spider_eye":1,"minecraft:wooden_pickaxe":2,"minecraft:stone_pickaxe":1,"minecraft:black_wool":1},"minecraft:mined":{"minecraft:tuff":3,"minecraft:farmland":3,"minecraft:white_bed":5,"minecraft:oak_sapling":12,"minecraft:deepslate_diamond_ore":4,"minecraft:grass_block":159,"minecraft:furnace":14,"minecraft:iron_ore":42,"minecraft:vine":1,"minecraft:oak_sign":2,"minecraft:deepslate_iron_ore":56,"minecraft:dirt_path":44,"minecraft:oak_stairs":39,"minecraft:stripped_oak_log":2,"minecraft:stone":73,"minecraft:oak_slab":20,"minecraft:oak_fence":16,"minecraft:crafting_table":1,"minecraft:torch":9,"minecraft:poppy":1,"iceandfire:ghost_chest":2,"minecraft:tall_grass":6,"minecraft:cobblestone":5,"minecraft:oak_planks":20,"minecraft:wall_torch":10,"minecraft:wheat":1,"minecraft:grass":252,"minecraft:oak_log":237,"minecraft:coal_ore":49,"minecraft:sunflower":2,"minecraft:sand":81,"minecraft:dirt":36,"minecraft:oak_leaves":137,"minecraft:deepslate":9},"minecraft:crafted":{"minecraft:wooden_sword":1,"minecraft:oak_door":3,"minecraft:oak_planks":410,"minecraft:stone_shovel":2,"minecraft:oak_sign":3,"minecraft:cooked_chicken":9,"minecraft:furnace":1,"minecraft:cooked_mutton":15,"minecraft:glass_pane":32,"minecraft:glass":45,"minecraft:diamond_helmet":1,"minecraft:iron_axe":1,"tombstone:grave_key":1,"minecraft:iron_hoe":1,"minecraft:stone_pickaxe":1,"minecraft:oak_fence":36,"minecraft:cooked_beef":18,"minecraft:oak_slab":24,"minecraft:cooked_porkchop":30,"minecraft:crafting_table":1,"minecraft:iron_helmet":1,"minecraft:wooden_pickaxe":1,"minecraft:iron_sword":2,"minecraft:bucket":1,"minecraft:stone_axe":2,"minecraft:shield":1,"minecraft:stick":60,"minecraft:iron_ingot":87,"minecraft:iron_pickaxe":1,"minecraft:oak_stairs":44,"minecraft:wooden_axe":1,"minecraft:stone_sword":1,"minecraft:iron_block":3,"minecraft:iron_shovel":1,"minecraft:anvil":1,"minecraft:white_bed":1,"minecraft:torch":44},"minecraft:killed_by":{"minecraft:creeper":2,"alexsmobs:centipede_head":1,"minecraft:skeleton":1,"iceandfire:ghost":2},"minecraft:broken":{"minecraft:wooden_sword":1,"minecraft:stone_axe":2,"minecraft:iron_sword":1,"minecraft:stone_shovel":1},"minecraft:picked_up":{"minecraft:wooden_axe":1,"minecraft:crafting_table":1,"minecraft:azure_bluet":1,"minecraft:chicken":11,"aether:iron_gloves":2,"minecraft:wooden_pickaxe":1,"minecraft:oak_stairs":39,"minecraft:enchanted_book":1,"minecraft:cornflower":1,"minecraft:string":3,"minecraft:raw_copper":3,"minecraft:oak_sign":2,"minecraft:gold_nugget":16,"minecraft:cobbled_deepslate":14,"minecraft:beef":19,"minecraft:poppy":2,"minecraft:furnace":14,"minecraft:egg":3,"iceandfire:ghost_chest":2,"minecraft:stick":10,"minecraft:raw_iron":98,"minecraft:copper_ingot":1,"minecraft:oak_fence":18,"minecraft:torch":18,"minecraft:porkchop":43,"tombstone:grave_dust":6,"minecraft:rotten_flesh":26,"minecraft:stone_shovel":1,"minecraft:arrow":5,"minecraft:stone_sword":2,"minecraft:mutton":13,"minecraft:skeleton_skull":1,"alexsmobs:flying_fish":1,"minecraft:white_wool":10,"minecraft:cobblestone":78,"minecraft:stripped_oak_log":2,"minecraft:feather":12,"minecraft:cooked_beef":2,"minecraft:leather":17,"minecraft:tuff":3,"minecraft:oak_log":238,"iceandfire:ectoplasm":10,"minecraft:dirt":257,"minecraft:bone":12,"minecraft:apple":1,"minecraft:wheat_seeds":24,"alexsmobs:cockroach_wing_fragment":1,"minecraft:oak_planks":24,"minecraft:oak_slab":21,"car:canola_seeds":1,"minecraft:dandelion":1,"minecraft:sand":81,"minecraft:white_bed":4,"minecraft:spider_eye":1,"minecraft:pumpkin_seeds":24,"minecraft:diamond":4,"minecraft:gray_wool":1,"minecraft:emerald":1,"alexsmobs:maggot":2,"minecraft:oak_sapling":22,"minecraft:coal":57,"minecraft:black_wool":1,"minecraft:ender_pearl":1,"minecraft:sunflower":3},"minecraft:killed":{"mca:male_zombie_villager":1,"minecraft:spider":7,"minecraft:skeleton":3,"minecraft:chicken":11,"alexsmobs:flying_fish":1,"minecraft:pig":21,"minecraft:wandering_trader":1,"minecraft:sheep":9,"minecraft:zombie":24,"alexsmobs:cockroach":1,"iceandfire:ghost":4,"alexsmobs:fly":1,"minecraft:cow":10}},"DataVersion":3465}