{"stats":{"minecraft:used":{"minecraft:oak_fence":41,"minecraft:stone_sword":141,"minecraft:iron_shovel":95,"minecraft:stone_shovel":257,"minecraft:poppy":2,"minecraft:oak_sign":5,"minecraft:shield":8,"minecraft:iron_sword":189,"minecraft:cooked_chicken":3,"minecraft:torch":62,"minecraft:dirt":191,"minecraft:anvil":1,"minecraft:tuff":3,"minecraft:iron_hoe":10,"minecraft:wooden_axe":1,"minecraft:iron_axe":69,"minecraft:oak_stairs":71,"minecraft:beef":4,"minecraft:oak_sapling":4,"minecraft:furnace":10,"tombstone:gift":5,"minecraft:egg":3,"minecraft:cooked_beef":11,"minecraft:cobbled_deepslate":14,"minecraft:cooked_mutton":15,"minecraft:water_bucket":7,"minecraft:stone_pickaxe":90,"minecraft:oak_planks":181,"minecraft:wooden_pickaxe":20,"minecraft:oak_slab":45,"minecraft:crafting_table":2,"minecraft:white_bed":5,"minecraft:oak_log":133,"minecraft:chicken":1,"minecraft:iron_pickaxe":131,"minecraft:stone_axe":264,"minecraft:wooden_sword":66,"minecraft:cobblestone":10,"minecraft:cooked_porkchop":15,"minecraft:bucket":8,"minecraft:glass_pane":22},"minecraft:dropped":{"minecraft:wheat_seeds":1,"minecraft:cooked_beef":2,"minecraft:cobblestone":1,"minecraft:leather":2,"minecraft:stick":2,"minecraft:dirt":1,"minecraft:cornflower":1,"minecraft:wooden_axe":2,"minecraft:string":1,"minecraft:white_wool":2,"minecraft:dandelion":1,"minecraft:bone":6,"alexsmobs:maggot":2,"minecraft:cooked_chicken":1,"minecraft:stone_sword":3,"minecraft:stone_shovel":2,"minecraft:rotten_flesh":18,"minecraft:azure_bluet":1,"minecraft:oak_sapling":11,"minecraft:spider_eye":1,"minecraft:wooden_pickaxe":2,"minecraft:stone_pickaxe":1,"minecraft:black_wool":1},"minecraft:custom":{"minecraft:mob_kills":74,"minecraft:interact_with_anvil":2,"minecraft:interact_with_crafting_table":85,"minecraft:leave_game":7,"minecraft:time_since_death":79737,"minecraft:sprint_one_cm":773027,"minecraft:walk_one_cm":1108861,"minecraft:damage_blocked_by_shield":270,"minecraft:drop":52,"minecraft:talked_to_villager":4,"minecraft:play_time":269020,"minecraft:deaths":4,"minecraft:sneak_time":1038,"minecraft:walk_under_water_one_cm":38303,"minecraft:jump":4063,"minecraft:walk_on_water_one_cm":50735,"minecraft:total_world_time":269020,"minecraft:interact_with_furnace":83,"minecraft:sleep_in_bed":17,"minecraft:time_since_rest":38385,"minecraft:damage_taken":3782,"minecraft:damage_dealt":11405,"minecraft:swim_one_cm":79931,"minecraft:fly_one_cm":824580,"minecraft:open_chest":26,"minecraft:crouch_one_cm":1585,"tombstone:undead_killed":27,"tombstone:villager_killed":1,"minecraft:fall_one_cm":89731},"minecraft:mined":{"minecraft:tuff":3,"minecraft:white_bed":5,"minecraft:oak_sapling":12,"minecraft:deepslate_diamond_ore":4,"minecraft:grass_block":148,"minecraft:furnace":5,"minecraft:iron_ore":42,"minecraft:oak_sign":2,"minecraft:deepslate_iron_ore":56,"minecraft:dirt_path":44,"minecraft:oak_stairs":39,"minecraft:stripped_oak_log":2,"minecraft:stone":57,"minecraft:oak_slab":20,"minecraft:oak_fence":3,"minecraft:crafting_table":1,"minecraft:torch":9,"minecraft:poppy":1,"minecraft:tall_grass":6,"minecraft:cobblestone":5,"minecraft:oak_planks":20,"minecraft:wall_torch":10,"minecraft:grass":248,"minecraft:oak_log":228,"minecraft:coal_ore":30,"minecraft:sand":81,"minecraft:dirt":30,"minecraft:oak_leaves":82,"minecraft:deepslate":9},"minecraft:crafted":{"minecraft:wooden_sword":1,"minecraft:oak_planks":370,"minecraft:stone_shovel":2,"minecraft:oak_sign":3,"minecraft:cooked_chicken":4,"minecraft:furnace":1,"minecraft:cooked_mutton":15,"minecraft:glass_pane":32,"minecraft:glass":45,"minecraft:diamond_helmet":1,"minecraft:iron_axe":1,"tombstone:grave_key":1,"minecraft:iron_hoe":1,"minecraft:stone_pickaxe":1,"minecraft:oak_fence":36,"minecraft:cooked_beef":18,"minecraft:oak_slab":24,"minecraft:cooked_porkchop":17,"minecraft:crafting_table":1,"minecraft:iron_helmet":1,"minecraft:wooden_pickaxe":1,"minecraft:iron_sword":1,"minecraft:bucket":1,"minecraft:stone_axe":2,"minecraft:shield":1,"minecraft:stick":60,"minecraft:iron_ingot":87,"minecraft:iron_pickaxe":1,"minecraft:oak_stairs":44,"minecraft:wooden_axe":1,"minecraft:stone_sword":1,"minecraft:iron_block":3,"minecraft:iron_shovel":1,"minecraft:anvil":1,"minecraft:white_bed":1,"minecraft:torch":44},"minecraft:killed_by":{"minecraft:creeper":2,"alexsmobs:centipede_head":1,"minecraft:skeleton":1},"minecraft:broken":{"minecraft:wooden_sword":1,"minecraft:stone_axe":2,"minecraft:stone_shovel":1},"minecraft:picked_up":{"minecraft:wooden_axe":1,"minecraft:crafting_table":1,"minecraft:azure_bluet":1,"minecraft:chicken":6,"minecraft:wooden_pickaxe":1,"minecraft:oak_stairs":39,"minecraft:cornflower":1,"minecraft:string":3,"minecraft:raw_copper":3,"minecraft:oak_sign":2,"minecraft:cobbled_deepslate":14,"minecraft:beef":19,"minecraft:poppy":2,"minecraft:furnace":5,"minecraft:egg":3,"minecraft:stick":10,"minecraft:raw_iron":98,"minecraft:oak_fence":5,"minecraft:torch":18,"minecraft:porkchop":30,"tombstone:grave_dust":5,"minecraft:rotten_flesh":26,"minecraft:stone_shovel":1,"minecraft:arrow":5,"minecraft:stone_sword":2,"minecraft:mutton":10,"minecraft:white_wool":6,"minecraft:cobblestone":62,"minecraft:stripped_oak_log":2,"minecraft:feather":6,"minecraft:cooked_beef":2,"minecraft:leather":17,"minecraft:tuff":3,"minecraft:oak_log":229,"minecraft:dirt":237,"minecraft:bone":7,"minecraft:wheat_seeds":23,"alexsmobs:cockroach_wing_fragment":1,"minecraft:oak_planks":24,"minecraft:oak_slab":21,"minecraft:dandelion":1,"minecraft:sand":81,"minecraft:white_bed":4,"minecraft:spider_eye":1,"minecraft:diamond":4,"alexsmobs:maggot":2,"minecraft:oak_sapling":18,"minecraft:coal":39,"minecraft:black_wool":1,"minecraft:ender_pearl":1,"minecraft:sunflower":1},"minecraft:killed":{"mca:male_zombie_villager":1,"minecraft:spider":5,"minecraft:skeleton":3,"minecraft:chicken":5,"minecraft:pig":15,"minecraft:wandering_trader":1,"minecraft:sheep":7,"minecraft:zombie":23,"alexsmobs:cockroach":1,"alexsmobs:fly":1,"minecraft:cow":10}},"DataVersion":3465}