{"stats":{"minecraft:used":{"minecraft:cooked_mutton":7,"minecraft:stone_sword":54,"minecraft:stone_shovel":251,"minecraft:stone_pickaxe":43,"minecraft:oak_planks":80,"minecraft:wooden_pickaxe":20,"minecraft:dirt":115,"minecraft:crafting_table":1,"minecraft:white_bed":3,"minecraft:oak_log":58,"minecraft:wooden_axe":1,"minecraft:oak_stairs":46,"minecraft:stone_axe":136,"minecraft:wooden_sword":66,"minecraft:cobblestone":7,"minecraft:beef":2,"minecraft:furnace":1,"minecraft:cooked_porkchop":5,"minecraft:egg":2,"minecraft:cooked_beef":3},"minecraft:picked_up":{"minecraft:wooden_axe":1,"minecraft:stripped_oak_log":2,"minecraft:azure_bluet":1,"minecraft:feather":6,"minecraft:chicken":4,"minecraft:leather":2,"minecraft:wooden_pickaxe":1,"minecraft:oak_stairs":12,"minecraft:oak_log":117,"minecraft:cornflower":1,"minecraft:string":1,"minecraft:dirt":201,"minecraft:raw_copper":3,"minecraft:wheat_seeds":18,"minecraft:beef":2,"minecraft:oak_planks":2,"minecraft:egg":2,"minecraft:stick":2,"minecraft:dandelion":1,"minecraft:porkchop":13,"minecraft:white_bed":3,"minecraft:stone_shovel":1,"minecraft:rotten_flesh":4,"alexsmobs:maggot":2,"minecraft:oak_sapling":12,"minecraft:mutton":8,"minecraft:black_wool":1,"minecraft:white_wool":5,"minecraft:cobblestone":41},"minecraft:mined":{"minecraft:white_bed":3,"minecraft:oak_sapling":12,"minecraft:grass_block":143,"minecraft:tall_grass":2,"minecraft:cobblestone":2,"minecraft:oak_planks":2,"minecraft:grass":196,"minecraft:dirt_path":43,"minecraft:oak_log":117,"minecraft:oak_stairs":12,"minecraft:dirt":19,"minecraft:stripped_oak_log":2,"minecraft:stone":39,"minecraft:oak_leaves":12},"minecraft:custom":{"minecraft:interact_with_furnace":30,"minecraft:mob_kills":26,"minecraft:interact_with_crafting_table":18,"minecraft:time_since_death":57089,"minecraft:sleep_in_bed":8,"minecraft:time_since_rest":14599,"minecraft:sprint_one_cm":211899,"minecraft:damage_taken":1692,"minecraft:walk_one_cm":341286,"minecraft:drop":20,"minecraft:damage_dealt":3206,"minecraft:swim_one_cm":22416,"minecraft:fly_one_cm":318565,"minecraft:open_chest":2,"minecraft:sneak_time":54,"minecraft:play_time":79272,"tombstone:undead_killed":5,"minecraft:deaths":2,"minecraft:walk_under_water_one_cm":12599,"minecraft:jump":1294,"minecraft:walk_on_water_one_cm":7743,"minecraft:total_world_time":79272,"minecraft:fall_one_cm":33396},"minecraft:dropped":{"alexsmobs:maggot":2,"minecraft:wheat_seeds":1,"minecraft:stone_shovel":1,"minecraft:cobblestone":1,"minecraft:rotten_flesh":4,"minecraft:azure_bluet":1,"minecraft:stick":2,"minecraft:cornflower":1,"minecraft:wooden_axe":2,"minecraft:oak_sapling":11,"minecraft:wooden_pickaxe":2,"minecraft:string":1,"minecraft:white_wool":2,"minecraft:black_wool":1,"minecraft:dandelion":1},"minecraft:broken":{"minecraft:stone_axe":1,"minecraft:wooden_sword":1,"minecraft:stone_shovel":1},"minecraft:killed":{"minecraft:pig":8,"minecraft:spider":1,"minecraft:sheep":6,"minecraft:zombie":5,"minecraft:chicken":4,"alexsmobs:fly":1,"minecraft:cow":1},"minecraft:crafted":{"minecraft:cooked_beef":3,"minecraft:wooden_sword":1,"minecraft:oak_planks":178,"minecraft:stone_shovel":2,"minecraft:oak_sign":3,"minecraft:cooked_porkchop":12,"minecraft:crafting_table":1,"minecraft:wooden_pickaxe":1,"minecraft:furnace":1,"minecraft:stone_axe":2,"minecraft:cooked_mutton":7,"minecraft:stick":20,"minecraft:oak_stairs":36,"minecraft:stone_pickaxe":1,"minecraft:wooden_axe":1,"minecraft:stone_sword":1,"minecraft:white_bed":1},"minecraft:killed_by":{"minecraft:skeleton":1,"minecraft:creeper":1}},"DataVersion":3465}