{"stats":{"minecraft:picked_up":{"minecraft:oak_log":10},"minecraft:mined":{"minecraft:oak_log":10,"minecraft:oak_leaves":2},"minecraft:custom":{"minecraft:jump":133,"minecraft:time_since_rest":7272,"minecraft:damage_dealt":30,"minecraft:walk_on_water_one_cm":136,"minecraft:sprint_one_cm":18218,"minecraft:play_time":7272,"minecraft:damage_taken":22,"minecraft:time_since_death":7272,"minecraft:walk_one_cm":10436,"minecraft:total_world_time":7272,"minecraft:walk_under_water_one_cm":275,"minecraft:swim_one_cm":622,"minecraft:fall_one_cm":3042,"minecraft:fly_one_cm":37063}},"DataVersion":3465}