{"stats":{"minecraft:killed":{"minecraft:pig":8,"minecraft:spider":3,"minecraft:skeleton":1,"minecraft:sheep":7,"alexsmobs:cockroach":1,"minecraft:zombie":17,"minecraft:chicken":4,"alexsmobs:fly":1,"minecraft:cow":5},"minecraft:dropped":{"alexsmobs:maggot":2,"minecraft:wheat_seeds":1,"minecraft:cooked_chicken":1,"minecraft:cooked_beef":2,"minecraft:stone_sword":3,"minecraft:stone_shovel":2,"minecraft:cobblestone":1,"minecraft:rotten_flesh":10,"minecraft:leather":2,"minecraft:azure_bluet":1,"minecraft:stick":2,"minecraft:dirt":1,"minecraft:cornflower":1,"minecraft:wooden_axe":2,"minecraft:oak_sapling":11,"minecraft:spider_eye":1,"minecraft:stone_pickaxe":1,"minecraft:wooden_pickaxe":2,"minecraft:string":1,"minecraft:white_wool":2,"minecraft:black_wool":1,"minecraft:dandelion":1,"minecraft:bone":6},"minecraft:used":{"minecraft:oak_fence":12,"minecraft:cooked_mutton":14,"minecraft:stone_sword":141,"minecraft:poppy":1,"minecraft:stone_pickaxe":90,"minecraft:stone_shovel":257,"minecraft:oak_planks":133,"minecraft:oak_sign":5,"minecraft:shield":2,"minecraft:wooden_pickaxe":20,"minecraft:iron_sword":55,"minecraft:cooked_chicken":2,"minecraft:torch":48,"minecraft:dirt":184,"minecraft:oak_slab":12,"minecraft:crafting_table":2,"minecraft:white_bed":5,"minecraft:oak_log":124,"minecraft:wooden_axe":1,"minecraft:iron_axe":3,"minecraft:chicken":1,"minecraft:oak_stairs":56,"minecraft:iron_pickaxe":71,"minecraft:stone_axe":264,"minecraft:wooden_sword":66,"minecraft:cobblestone":7,"minecraft:beef":4,"minecraft:oak_sapling":1,"minecraft:furnace":2,"minecraft:cooked_porkchop":12,"minecraft:cobbled_deepslate":5,"tombstone:gift":2,"minecraft:egg":3,"minecraft:cooked_beef":6},"minecraft:custom":{"minecraft:interact_with_furnace":50,"minecraft:mob_kills":49,"minecraft:interact_with_crafting_table":37,"minecraft:leave_game":1,"minecraft:time_since_death":7937,"minecraft:sleep_in_bed":15,"minecraft:time_since_rest":5538,"minecraft:sprint_one_cm":503189,"minecraft:damage_taken":3212,"minecraft:walk_one_cm":686752,"minecraft:damage_blocked_by_shield":60,"minecraft:drop":44,"minecraft:damage_dealt":7760,"minecraft:play_time":180085,"minecraft:swim_one_cm":24498,"minecraft:fly_one_cm":624380,"minecraft:crouch_one_cm":1007,"minecraft:open_chest":10,"minecraft:sneak_time":766,"tombstone:undead_killed":18,"minecraft:deaths":3,"minecraft:walk_under_water_one_cm":27281,"minecraft:jump":2853,"minecraft:walk_on_water_one_cm":19740,"minecraft:total_world_time":180085,"minecraft:fall_one_cm":68685},"minecraft:killed_by":{"alexsmobs:centipede_head":1,"minecraft:skeleton":1,"minecraft:creeper":1},"minecraft:picked_up":{"minecraft:wooden_axe":1,"minecraft:stripped_oak_log":2,"minecraft:crafting_table":1,"minecraft:azure_bluet":1,"minecraft:feather":6,"minecraft:chicken":4,"minecraft:leather":8,"minecraft:wooden_pickaxe":1,"minecraft:oak_stairs":20,"minecraft:oak_log":221,"minecraft:cornflower":1,"minecraft:dirt":230,"minecraft:string":1,"minecraft:raw_copper":3,"minecraft:bone":7,"minecraft:oak_sign":2,"minecraft:wheat_seeds":23,"minecraft:cobbled_deepslate":8,"alexsmobs:cockroach_wing_fragment":1,"minecraft:beef":10,"minecraft:poppy":1,"minecraft:oak_planks":12,"minecraft:furnace":1,"minecraft:egg":3,"minecraft:stick":6,"minecraft:raw_iron":71,"minecraft:oak_fence":2,"minecraft:torch":6,"minecraft:dandelion":1,"minecraft:porkchop":13,"tombstone:grave_dust":5,"minecraft:white_bed":4,"minecraft:spider_eye":1,"minecraft:stone_sword":2,"minecraft:arrow":4,"minecraft:stone_shovel":1,"minecraft:rotten_flesh":17,"alexsmobs:maggot":2,"minecraft:oak_sapling":15,"minecraft:black_wool":1,"minecraft:mutton":10,"minecraft:coal":29,"minecraft:white_wool":6,"minecraft:cobblestone":58},"minecraft:mined":{"minecraft:white_bed":4,"minecraft:oak_sapling":12,"minecraft:crafting_table":1,"minecraft:torch":2,"minecraft:grass_block":143,"minecraft:tall_grass":5,"minecraft:cobblestone":2,"minecraft:oak_planks":8,"minecraft:wall_torch":4,"minecraft:furnace":1,"minecraft:iron_ore":40,"minecraft:deepslate_iron_ore":31,"minecraft:grass":238,"minecraft:oak_sign":2,"minecraft:coal_ore":20,"minecraft:dirt_path":43,"minecraft:oak_log":220,"minecraft:oak_stairs":20,"minecraft:dirt":29,"minecraft:stripped_oak_log":2,"minecraft:deepslate":3,"minecraft:stone":56,"minecraft:oak_leaves":24},"minecraft:crafted":{"minecraft:cooked_beef":9,"minecraft:wooden_sword":1,"minecraft:oak_slab":12,"minecraft:oak_planks":274,"minecraft:stone_shovel":2,"minecraft:oak_sign":3,"minecraft:cooked_porkchop":12,"minecraft:crafting_table":1,"minecraft:iron_helmet":1,"minecraft:cooked_chicken":3,"minecraft:wooden_pickaxe":1,"minecraft:iron_sword":1,"minecraft:furnace":1,"minecraft:stone_axe":2,"minecraft:cooked_mutton":15,"minecraft:shield":1,"minecraft:iron_axe":1,"minecraft:stick":40,"minecraft:iron_pickaxe":1,"minecraft:iron_ingot":7,"minecraft:wooden_axe":1,"minecraft:stone_pickaxe":1,"minecraft:oak_stairs":36,"minecraft:stone_sword":1,"minecraft:white_bed":1,"minecraft:torch":44,"minecraft:oak_fence":12},"minecraft:broken":{"minecraft:wooden_sword":1,"minecraft:stone_axe":2,"minecraft:stone_shovel":1}},"DataVersion":3465}