{"stats":{"minecraft:used":{"minecraft:oak_fence":12,"minecraft:cooked_mutton":10,"minecraft:stone_sword":140,"minecraft:poppy":1,"minecraft:stone_shovel":257,"minecraft:stone_pickaxe":90,"minecraft:oak_planks":133,"minecraft:oak_sign":5,"minecraft:wooden_pickaxe":20,"minecraft:cooked_chicken":2,"minecraft:torch":12,"minecraft:dirt":184,"minecraft:oak_slab":12,"minecraft:crafting_table":2,"minecraft:white_bed":5,"minecraft:oak_log":120,"minecraft:wooden_axe":1,"minecraft:chicken":1,"minecraft:oak_stairs":56,"minecraft:stone_axe":264,"minecraft:wooden_sword":66,"minecraft:cobblestone":7,"minecraft:beef":4,"minecraft:oak_sapling":1,"minecraft:furnace":2,"minecraft:cooked_porkchop":12,"minecraft:egg":3,"minecraft:cooked_beef":6},"minecraft:picked_up":{"minecraft:wooden_axe":1,"minecraft:stripped_oak_log":2,"minecraft:crafting_table":1,"minecraft:azure_bluet":1,"minecraft:feather":6,"minecraft:chicken":4,"minecraft:leather":8,"minecraft:wooden_pickaxe":1,"minecraft:oak_stairs":20,"minecraft:oak_log":217,"minecraft:cornflower":1,"minecraft:string":1,"minecraft:dirt":230,"minecraft:raw_copper":3,"minecraft:bone":7,"minecraft:oak_sign":2,"minecraft:wheat_seeds":23,"minecraft:beef":10,"minecraft:poppy":1,"minecraft:oak_planks":9,"minecraft:furnace":1,"minecraft:egg":3,"minecraft:stick":6,"minecraft:raw_iron":18,"minecraft:dandelion":1,"minecraft:porkchop":13,"minecraft:white_bed":4,"minecraft:spider_eye":1,"minecraft:stone_sword":2,"minecraft:arrow":3,"minecraft:stone_shovel":1,"minecraft:rotten_flesh":7,"alexsmobs:maggot":2,"minecraft:coal":16,"minecraft:oak_sapling":15,"minecraft:mutton":10,"minecraft:black_wool":1,"minecraft:white_wool":6,"minecraft:cobblestone":57},"minecraft:mined":{"minecraft:white_bed":4,"minecraft:oak_sapling":12,"minecraft:crafting_table":1,"minecraft:grass_block":143,"minecraft:tall_grass":5,"minecraft:cobblestone":2,"minecraft:oak_planks":8,"minecraft:furnace":1,"minecraft:iron_ore":18,"minecraft:coal_ore":7,"minecraft:oak_sign":2,"minecraft:grass":237,"minecraft:dirt_path":43,"minecraft:oak_log":216,"minecraft:oak_stairs":20,"minecraft:dirt":29,"minecraft:stripped_oak_log":2,"minecraft:stone":55,"minecraft:oak_leaves":24},"minecraft:custom":{"minecraft:interact_with_furnace":43,"minecraft:mob_kills":35,"minecraft:interact_with_crafting_table":27,"minecraft:leave_game":1,"minecraft:time_since_death":129255,"minecraft:sleep_in_bed":14,"minecraft:time_since_rest":4819,"minecraft:sprint_one_cm":400910,"minecraft:damage_taken":2662,"minecraft:walk_one_cm":584635,"minecraft:drop":35,"minecraft:damage_dealt":5229,"minecraft:swim_one_cm":22416,"minecraft:fly_one_cm":528801,"minecraft:open_chest":3,"minecraft:crouch_one_cm":1005,"minecraft:sneak_time":715,"minecraft:play_time":151438,"tombstone:undead_killed":6,"minecraft:deaths":2,"minecraft:walk_under_water_one_cm":22110,"minecraft:jump":2364,"minecraft:walk_on_water_one_cm":14646,"minecraft:total_world_time":151438,"minecraft:fall_one_cm":60797},"minecraft:dropped":{"alexsmobs:maggot":2,"minecraft:wheat_seeds":1,"minecraft:cooked_chicken":1,"minecraft:cooked_beef":2,"minecraft:stone_sword":2,"minecraft:stone_shovel":1,"minecraft:cobblestone":1,"minecraft:rotten_flesh":4,"minecraft:leather":2,"minecraft:azure_bluet":1,"minecraft:stick":2,"minecraft:dirt":1,"minecraft:cornflower":1,"minecraft:wooden_axe":2,"minecraft:spider_eye":1,"minecraft:oak_sapling":11,"minecraft:wooden_pickaxe":2,"minecraft:string":1,"minecraft:white_wool":2,"minecraft:black_wool":1,"minecraft:dandelion":1,"minecraft:bone":6},"minecraft:broken":{"minecraft:stone_axe":2,"minecraft:wooden_sword":1,"minecraft:stone_shovel":1},"minecraft:killed":{"minecraft:pig":8,"minecraft:spider":3,"minecraft:sheep":7,"minecraft:zombie":6,"minecraft:chicken":4,"alexsmobs:fly":1,"minecraft:cow":5},"minecraft:crafted":{"minecraft:cooked_beef":9,"minecraft:wooden_sword":1,"minecraft:oak_slab":12,"minecraft:oak_planks":258,"minecraft:stone_shovel":2,"minecraft:oak_sign":3,"minecraft:cooked_porkchop":12,"minecraft:crafting_table":1,"minecraft:cooked_chicken":3,"minecraft:wooden_pickaxe":1,"minecraft:furnace":1,"minecraft:stone_axe":2,"minecraft:cooked_mutton":10,"minecraft:stick":24,"minecraft:iron_ingot":7,"minecraft:oak_stairs":36,"minecraft:stone_pickaxe":1,"minecraft:wooden_axe":1,"minecraft:stone_sword":1,"minecraft:white_bed":1,"minecraft:torch":12,"minecraft:oak_fence":12},"minecraft:killed_by":{"minecraft:skeleton":1,"minecraft:creeper":1}},"DataVersion":3465}