{"stats":{"minecraft:killed":{"mca:male_zombie_villager":1,"minecraft:spider":4,"minecraft:skeleton":3,"minecraft:chicken":4,"minecraft:pig":13,"minecraft:wandering_trader":1,"minecraft:sheep":7,"minecraft:zombie":19,"alexsmobs:cockroach":1,"alexsmobs:fly":1,"minecraft:cow":7},"minecraft:dropped":{"minecraft:wheat_seeds":1,"minecraft:cooked_beef":2,"minecraft:cobblestone":1,"minecraft:leather":2,"minecraft:stick":2,"minecraft:dirt":1,"minecraft:cornflower":1,"minecraft:wooden_axe":2,"minecraft:string":1,"minecraft:white_wool":2,"minecraft:dandelion":1,"minecraft:bone":6,"alexsmobs:maggot":2,"minecraft:cooked_chicken":1,"minecraft:stone_sword":3,"minecraft:stone_shovel":2,"minecraft:rotten_flesh":14,"minecraft:azure_bluet":1,"minecraft:oak_sapling":11,"minecraft:spider_eye":1,"minecraft:wooden_pickaxe":2,"minecraft:stone_pickaxe":1,"minecraft:black_wool":1},"minecraft:used":{"minecraft:oak_fence":17,"minecraft:stone_sword":141,"minecraft:stone_shovel":257,"minecraft:poppy":2,"minecraft:oak_sign":5,"minecraft:shield":8,"minecraft:iron_sword":106,"minecraft:cooked_chicken":3,"minecraft:torch":59,"minecraft:dirt":190,"minecraft:anvil":1,"minecraft:tuff":3,"minecraft:wooden_axe":1,"minecraft:iron_axe":11,"minecraft:oak_stairs":63,"minecraft:beef":4,"minecraft:furnace":2,"minecraft:oak_sapling":4,"tombstone:gift":5,"minecraft:egg":3,"minecraft:cooked_beef":10,"minecraft:cobbled_deepslate":9,"minecraft:cooked_mutton":15,"minecraft:stone_pickaxe":90,"minecraft:oak_planks":133,"minecraft:wooden_pickaxe":20,"minecraft:oak_slab":21,"minecraft:crafting_table":2,"minecraft:white_bed":5,"minecraft:oak_log":133,"minecraft:chicken":1,"minecraft:iron_pickaxe":120,"minecraft:stone_axe":264,"minecraft:wooden_sword":66,"minecraft:cobblestone":10,"minecraft:cooked_porkchop":12},"minecraft:custom":{"minecraft:interact_with_anvil":2,"minecraft:mob_kills":63,"minecraft:interact_with_crafting_table":58,"minecraft:leave_game":7,"minecraft:time_since_death":40455,"minecraft:sprint_one_cm":672169,"minecraft:walk_one_cm":877393,"minecraft:damage_blocked_by_shield":270,"minecraft:drop":48,"minecraft:talked_to_villager":4,"minecraft:play_time":229738,"minecraft:deaths":4,"minecraft:sneak_time":1036,"minecraft:walk_under_water_one_cm":33516,"minecraft:jump":3605,"minecraft:walk_on_water_one_cm":37604,"minecraft:total_world_time":229738,"minecraft:interact_with_furnace":70,"minecraft:sleep_in_bed":16,"minecraft:time_since_rest":35067,"minecraft:damage_taken":3632,"minecraft:damage_dealt":9905,"minecraft:swim_one_cm":77282,"minecraft:fly_one_cm":753198,"minecraft:open_chest":20,"minecraft:crouch_one_cm":1585,"tombstone:undead_killed":23,"tombstone:villager_killed":1,"minecraft:fall_one_cm":79490},"minecraft:killed_by":{"minecraft:creeper":2,"alexsmobs:centipede_head":1,"minecraft:skeleton":1},"minecraft:picked_up":{"minecraft:wooden_axe":1,"minecraft:crafting_table":1,"minecraft:azure_bluet":1,"minecraft:chicken":5,"minecraft:wooden_pickaxe":1,"minecraft:oak_stairs":23,"minecraft:cornflower":1,"minecraft:string":1,"minecraft:raw_copper":3,"minecraft:oak_sign":2,"minecraft:cobbled_deepslate":14,"minecraft:beef":12,"minecraft:poppy":2,"minecraft:egg":3,"minecraft:furnace":1,"minecraft:stick":6,"minecraft:raw_iron":98,"minecraft:oak_fence":5,"minecraft:torch":17,"minecraft:porkchop":25,"tombstone:grave_dust":5,"minecraft:rotten_flesh":17,"minecraft:stone_shovel":1,"minecraft:arrow":5,"minecraft:stone_sword":2,"minecraft:mutton":10,"minecraft:white_wool":6,"minecraft:cobblestone":61,"minecraft:stripped_oak_log":2,"minecraft:feather":6,"minecraft:cooked_beef":2,"minecraft:leather":12,"minecraft:tuff":3,"minecraft:oak_log":221,"minecraft:dirt":231,"minecraft:bone":7,"minecraft:wheat_seeds":23,"alexsmobs:cockroach_wing_fragment":1,"minecraft:oak_planks":13,"minecraft:oak_slab":1,"minecraft:dandelion":1,"minecraft:white_bed":4,"minecraft:spider_eye":1,"minecraft:diamond":4,"alexsmobs:maggot":2,"minecraft:oak_sapling":15,"minecraft:coal":34,"minecraft:black_wool":1,"minecraft:ender_pearl":1},"minecraft:mined":{"minecraft:tuff":3,"minecraft:white_bed":5,"minecraft:oak_sapling":12,"minecraft:deepslate_diamond_ore":4,"minecraft:grass_block":143,"minecraft:furnace":1,"minecraft:iron_ore":42,"minecraft:oak_sign":2,"minecraft:deepslate_iron_ore":56,"minecraft:dirt_path":43,"minecraft:oak_stairs":23,"minecraft:stripped_oak_log":2,"minecraft:stone":56,"minecraft:oak_slab":1,"minecraft:oak_fence":3,"minecraft:crafting_table":1,"minecraft:torch":9,"minecraft:poppy":1,"minecraft:tall_grass":6,"minecraft:cobblestone":5,"minecraft:oak_planks":9,"minecraft:wall_torch":9,"minecraft:grass":244,"minecraft:oak_log":220,"minecraft:coal_ore":25,"minecraft:dirt":30,"minecraft:oak_leaves":24,"minecraft:deepslate":9},"minecraft:crafted":{"minecraft:wooden_sword":1,"minecraft:oak_planks":294,"minecraft:stone_shovel":2,"minecraft:oak_sign":3,"minecraft:cooked_chicken":4,"minecraft:furnace":1,"minecraft:cooked_mutton":15,"minecraft:diamond_helmet":1,"minecraft:iron_axe":1,"tombstone:grave_key":1,"minecraft:stone_pickaxe":1,"minecraft:oak_fence":12,"minecraft:cooked_beef":11,"minecraft:oak_slab":24,"minecraft:cooked_porkchop":12,"minecraft:crafting_table":1,"minecraft:wooden_pickaxe":1,"minecraft:iron_helmet":1,"minecraft:iron_sword":1,"minecraft:stone_axe":2,"minecraft:shield":1,"minecraft:stick":40,"minecraft:iron_ingot":77,"minecraft:iron_pickaxe":1,"minecraft:oak_stairs":40,"minecraft:wooden_axe":1,"minecraft:iron_block":3,"minecraft:stone_sword":1,"minecraft:anvil":1,"minecraft:white_bed":1,"minecraft:torch":44},"minecraft:broken":{"minecraft:wooden_sword":1,"minecraft:stone_axe":2,"minecraft:stone_shovel":1}},"DataVersion":3465}