{"stats":{"minecraft:used":{"minecraft:wooden_pickaxe":20,"minecraft:wooden_sword":52,"minecraft:beef":2,"minecraft:cooked_porkchop":2,"minecraft:white_bed":1},"minecraft:picked_up":{"minecraft:leather":2,"minecraft:porkchop":4,"minecraft:oak_log":11,"minecraft:rotten_flesh":1,"minecraft:beef":2,"alexsmobs:maggot":2,"minecraft:black_wool":1,"minecraft:mutton":8,"minecraft:white_wool":5,"minecraft:cobblestone":20},"minecraft:mined":{"minecraft:grass":7,"minecraft:oak_log":11,"minecraft:stone":20,"minecraft:oak_leaves":2},"minecraft:custom":{"minecraft:time_since_rest":3661,"minecraft:interact_with_furnace":13,"minecraft:sprint_one_cm":38665,"minecraft:damage_taken":307,"minecraft:walk_one_cm":90374,"minecraft:mob_kills":13,"minecraft:drop":3,"minecraft:damage_dealt":1377,"minecraft:swim_one_cm":9395,"minecraft:interact_with_crafting_table":5,"minecraft:fly_one_cm":54130,"minecraft:play_time":19272,"tombstone:undead_killed":2,"minecraft:walk_under_water_one_cm":3848,"minecraft:jump":232,"minecraft:walk_on_water_one_cm":1394,"minecraft:time_since_death":19272,"minecraft:sleep_in_bed":3,"minecraft:total_world_time":19272,"minecraft:fall_one_cm":4505},"minecraft:dropped":{"alexsmobs:maggot":2,"minecraft:rotten_flesh":1},"minecraft:killed":{"minecraft:sheep":6,"minecraft:zombie":2,"minecraft:pig":3,"alexsmobs:fly":1,"minecraft:cow":1},"minecraft:crafted":{"minecraft:wooden_sword":1,"minecraft:oak_planks":44,"minecraft:cooked_porkchop":4,"minecraft:stick":8,"minecraft:wooden_pickaxe":1,"minecraft:stone_pickaxe":1,"minecraft:wooden_axe":1,"minecraft:white_bed":1,"minecraft:cooked_mutton":7}},"DataVersion":3465}