{"stats":{"minecraft:used":{"minecraft:stone_sword":14,"iceandfire:silver_sword":13,"minecraft:oak_sign":2,"minecraft:shield":28,"iceandfire:pixie_house_mushroom_brown":1,"minecraft:iron_sword":108,"vanillaplustools:stone_hammer":110,"minecraft:netherrack":2,"minecraft:torch":48,"minecraft:dirt":64,"minecraft:carrot":14,"minecraft:granite":17,"minecraft:oak_fence_gate":1,"minecraft:iron_axe":89,"iceandfire:ghost_chest":2,"minecraft:barrel":1,"minecraft:furnace":16,"minecraft:gray_bed":1,"tombstone:gift":1,"minecraft:egg":2,"minecraft:cooked_beef":7,"car:canola_seeds":3,"minecraft:cobbled_deepslate":83,"minecraft:iron_leggings":1,"minecraft:pointed_dripstone":6,"minecraft:calcite":11,"minecraft:wheat_seeds":10,"minecraft:cooked_mutton":4,"minecraft:amethyst_block":126,"minecraft:stone_pickaxe":52,"minecraft:oak_planks":90,"minecraft:wooden_pickaxe":11,"minecraft:cobblestone_slab":3,"minecraft:glow_berries":4,"minecraft:crafting_table":3,"minecraft:white_bed":2,"tombstone:tablet_of_assistance":7,"minecraft:iron_pickaxe":324,"tombstone:grave_key":6,"minecraft:lilac":3,"minecraft:cobblestone":272,"minecraft:cooked_porkchop":1,"minecraft:wither_rose":2,"minecraft:candle":4},"minecraft:dropped":{"minecraft:wheat_seeds":1,"minecraft:cooked_beef":2,"minecraft:oak_fence":1,"minecraft:cobblestone":56,"minecraft:leather":1,"minecraft:cobblestone_stairs":1,"minecraft:dirt":1,"tombstone:grave_key":3,"minecraft:fire_charge":1,"tombstone:grave_dust":1,"minecraft:chain":2,"minecraft:wither_rose":2,"minecraft:sunflower":1,"minecraft:iron_pickaxe":1,"minecraft:string":4,"minecraft:bone":3,"minecraft:oak_door":1,"alexsmobs:animal_dictionary":1,"minecraft:raw_copper":140,"minecraft:pointed_dripstone":17,"tombstone:gift":2,"minecraft:white_bed":1,"minecraft:andesite":1,"iceandfire:silver_ingot":1,"minecraft:spider_eye":9,"minecraft:arrow":1,"minecraft:raw_gold":2},"minecraft:custom":{"minecraft:mob_kills":29,"minecraft:interact_with_crafting_table":33,"minecraft:open_barrel":27,"minecraft:bell_ring":3,"minecraft:leave_game":10,"minecraft:time_since_death":9331,"minecraft:climb_one_cm":1212,"minecraft:sprint_one_cm":417024,"minecraft:walk_one_cm":559825,"minecraft:damage_blocked_by_shield":590,"minecraft:drop":36,"minecraft:play_time":222508,"minecraft:sneak_time":3633,"minecraft:deaths":32,"minecraft:walk_under_water_one_cm":9632,"minecraft:jump":3535,"minecraft:walk_on_water_one_cm":23055,"minecraft:total_world_time":222508,"minecraft:interact_with_furnace":36,"minecraft:sleep_in_bed":1,"minecraft:time_since_rest":9275,"minecraft:damage_taken":9941,"minecraft:trigger_trapped_chest":4,"minecraft:damage_dealt":6193,"minecraft:player_kills":4,"minecraft:swim_one_cm":137869,"minecraft:fly_one_cm":608405,"minecraft:open_chest":38,"minecraft:crouch_one_cm":5001,"tombstone:undead_killed":13,"minecraft:interact_with_smoker":2,"minecraft:fall_one_cm":130691},"minecraft:mined":{"minecraft:white_bed":4,"minecraft:dark_oak_leaves":1,"minecraft:oak_door":1,"minecraft:cobblestone_stairs":1,"minecraft:sculk_vein":5,"minecraft:brewing_stand":1,"minecraft:granite":28,"minecraft:budding_amethyst":16,"minecraft:grass_block":21,"simpleores:deepslate_adamantium_ore":1,"minecraft:spawner":1,"minecraft:magma_block":3,"minecraft:sculk_catalyst":3,"minecraft:furnace":3,"minecraft:carrots":11,"minecraft:fire":1,"minecraft:iron_ore":64,"minecraft:cobbled_deepslate":2,"minecraft:andesite":12,"minecraft:peony":3,"minecraft:gold_block":1,"minecraft:bell":2,"minecraft:pointed_dripstone":14,"minecraft:potatoes":7,"minecraft:oak_sign":2,"minecraft:vine":1,"minecraft:stone":625,"minecraft:glass_pane":1,"minecraft:amethyst_cluster":1,"minecraft:powder_snow":26,"minecraft:oak_fence":1,"minecraft:crafting_table":4,"minecraft:torch":2,"iceandfire:pixie_house_mushroom_brown":1,"minecraft:emerald_ore":2,"minecraft:calcite":16,"iceandfire:ghost_chest":1,"minecraft:sculk_sensor":5,"minecraft:tall_grass":8,"minecraft:copper_ore":73,"minecraft:cobblestone":1,"minecraft:deepslate_gold_ore":2,"minecraft:oak_planks":100,"minecraft:sculk":166,"minecraft:diorite":21,"minecraft:wall_torch":2,"minecraft:amethyst_block":228,"minecraft:skeleton_skull":2,"simpleores:deepslate_mythril_ore":1,"minecraft:wheat":1,"minecraft:lilac":3,"minecraft:gray_bed":1,"minecraft:bee_nest":1,"minecraft:yellow_bed":1,"minecraft:wither_rose":2,"minecraft:grass":105,"minecraft:oak_log":10,"minecraft:coal_ore":53,"minecraft:oak_fence_gate":1,"minecraft:dripstone_block":3,"minecraft:sand":1,"minecraft:dirt":54,"minecraft:cobweb":29,"minecraft:cracked_stone_bricks":2,"minecraft:stone_bricks":1,"minecraft:netherrack":2,"minecraft:oak_leaves":8,"minecraft:deepslate":12},"minecraft:crafted":{"minecraft:oak_planks":36,"aether:iron_ring":1,"vanillaplustools:stone_hammer":1,"minecraft:furnace":2,"aether:golden_ring":1,"minecraft:cooked_mutton":4,"minecraft:bow":1,"minecraft:iron_boots":1,"minecraft:iron_axe":1,"tombstone:grave_key":1,"minecraft:stone_pickaxe":10,"minecraft:cooked_beef":8,"minecraft:dropper":1,"minecraft:cooked_porkchop":6,"minecraft:crafting_table":2,"minecraft:iron_helmet":1,"minecraft:iron_sword":1,"iceandfire:earplugs":1,"minecraft:air":0,"aether:iron_gloves":1,"minecraft:shield":1,"minecraft:stick":56,"minecraft:iron_ingot":67,"minecraft:iron_pickaxe":2,"minecraft:gold_ingot":11,"minecraft:iron_leggings":1,"minecraft:torch":72},"minecraft:killed_by":{"minecraft:player":6,"alexsmobs:centipede_head":1,"minecraft:skeleton":4,"minecraft:zombie":1,"iceandfire:ghost":7},"minecraft:broken":{"minecraft:wooden_pickaxe":1,"minecraft:iron_pickaxe":1},"minecraft:picked_up":{"minecraft:crafting_table":1,"minecraft:wooden_pickaxe":1,"minecraft:gold_block":1,"minecraft:wither_rose":4,"minecraft:enchanted_book":3,"tombstone:grave_key":3,"minecraft:amethyst_block":200,"minecraft:string":41,"minecraft:raw_copper":134,"minecraft:oak_sign":2,"minecraft:cobbled_deepslate":16,"simpleores:raw_adamantium":1,"minecraft:beef":8,"minecraft:cobblestone_slab":3,"minecraft:calcite":15,"minecraft:iron_pickaxe":2,"minecraft:furnace":3,"minecraft:stick":16,"minecraft:raw_iron":63,"iceandfire:ghost_chest":2,"minecraft:oak_door":1,"minecraft:oak_fence":2,"minecraft:torch":6,"iceandfire:pixie_house_mushroom_brown":1,"minecraft:fire_charge":1,"minecraft:porkchop":6,"minecraft:pointed_dripstone":23,"minecraft:diorite":19,"minecraft:carrot":17,"minecraft:arrow":1,"minecraft:gold_ingot":1,"minecraft:skeleton_skull":2,"minecraft:rail":1,"minecraft:cobblestone":530,"minecraft:magma_block":3,"minecraft:cooked_beef":2,"minecraft:lilac":3,"minecraft:andesite":12,"minecraft:leather":1,"minecraft:potato":14,"minecraft:oak_log":10,"minecraft:yellow_bed":1,"minecraft:cobblestone_stairs":1,"minecraft:dirt":73,"minecraft:cooked_mutton":4,"simpleores:raw_mythril":1,"minecraft:wheat_seeds":16,"minecraft:raw_gold":2,"minecraft:bell":2,"minecraft:oak_fence_gate":1,"minecraft:gray_bed":1,"minecraft:oak_planks":154,"car:canola_seeds":3,"minecraft:dripstone_block":3,"minecraft:white_bed":4,"minecraft:spider_eye":9,"minecraft:bundle":1,"minecraft:granite":17,"minecraft:emerald":2,"tombstone:magic_scroll":1,"minecraft:oak_sapling":2,"minecraft:netherrack":2,"minecraft:coal":53,"minecraft:ender_pearl":1,"minecraft:sunflower":1},"minecraft:killed":{"minecraft:cave_spider":7,"mca:male_zombie_villager":1,"minecraft:skeleton":4,"minecraft:pig":2,"minecraft:zombie":4,"iceandfire:ghost":3,"alexsmobs:fly":1,"minecraft:wither_skeleton":1,"minecraft:cow":5}},"DataVersion":3465}