{"stats":{"minecraft:used":{"minecraft:furnace":3,"minecraft:stone_pickaxe":5,"tombstone:gift":1},"minecraft:dropped":{"tombstone:grave_dust":1,"minecraft:dirt":1,"minecraft:wheat_seeds":1,"alexsmobs:animal_dictionary":1},"minecraft:custom":{"minecraft:open_chest":3,"minecraft:time_since_rest":1,"minecraft:damage_taken":778,"minecraft:play_time":26366,"minecraft:interact_with_furnace":1,"minecraft:sprint_one_cm":32372,"minecraft:walk_one_cm":17328,"minecraft:deaths":3,"minecraft:sneak_time":134,"minecraft:walk_under_water_one_cm":1248,"minecraft:drop":4,"minecraft:jump":376,"minecraft:damage_dealt":223,"minecraft:leave_game":4,"minecraft:time_since_death":1686,"minecraft:walk_on_water_one_cm":2857,"minecraft:total_world_time":26366,"minecraft:swim_one_cm":45501,"minecraft:fly_one_cm":83360,"minecraft:fall_one_cm":12584,"minecraft:player_kills":1},"minecraft:mined":{"minecraft:grass_block":1,"minecraft:oak_log":1,"minecraft:furnace":3,"minecraft:stone":2,"minecraft:oak_leaves":2,"minecraft:bee_nest":1},"minecraft:killed_by":{"minecraft:player":1},"minecraft:picked_up":{"minecraft:wheat_seeds":1,"minecraft:oak_log":1,"minecraft:dirt":1,"minecraft:cobblestone":2,"minecraft:furnace":3}},"DataVersion":3465}