{"stats":{"minecraft:used":{"minecraft:wheat_seeds":10,"minecraft:stone_pickaxe":5,"minecraft:oak_planks":90,"minecraft:oak_sign":2,"minecraft:wooden_pickaxe":11,"minecraft:torch":4,"minecraft:carrot":6,"minecraft:white_bed":1,"minecraft:oak_fence_gate":1,"minecraft:iron_pickaxe":3,"tombstone:grave_key":2,"minecraft:furnace":14,"minecraft:gray_bed":1,"tombstone:gift":1,"minecraft:egg":2,"car:canola_seeds":3},"minecraft:dropped":{"minecraft:wheat_seeds":1,"alexsmobs:animal_dictionary":1,"minecraft:dirt":1,"tombstone:grave_key":3,"tombstone:grave_dust":1},"minecraft:custom":{"minecraft:interact_with_furnace":6,"minecraft:interact_with_crafting_table":1,"minecraft:leave_game":5,"minecraft:time_since_death":1283,"minecraft:sleep_in_bed":1,"minecraft:time_since_rest":1024,"minecraft:sprint_one_cm":89489,"minecraft:damage_taken":1929,"minecraft:walk_one_cm":136684,"minecraft:drop":7,"minecraft:damage_dealt":651,"minecraft:swim_one_cm":45501,"minecraft:fly_one_cm":133078,"minecraft:player_kills":1,"minecraft:open_chest":12,"minecraft:crouch_one_cm":315,"minecraft:play_time":53704,"minecraft:deaths":7,"minecraft:sneak_time":361,"minecraft:walk_under_water_one_cm":1486,"minecraft:jump":844,"minecraft:walk_on_water_one_cm":4419,"minecraft:interact_with_smoker":1,"minecraft:total_world_time":53704,"minecraft:fall_one_cm":25421},"minecraft:mined":{"minecraft:white_bed":3,"minecraft:glass_pane":1,"minecraft:torch":1,"minecraft:grass_block":6,"minecraft:oak_planks":7,"minecraft:wall_torch":2,"minecraft:furnace":3,"minecraft:carrots":11,"minecraft:wheat":1,"minecraft:lilac":2,"minecraft:gray_bed":1,"minecraft:bee_nest":1,"minecraft:grass":84,"minecraft:potatoes":7,"minecraft:oak_log":10,"minecraft:oak_sign":2,"minecraft:oak_fence_gate":1,"minecraft:dirt":5,"minecraft:stone":4,"minecraft:oak_leaves":6,"minecraft:deepslate":2},"minecraft:crafted":{"minecraft:oak_planks":36,"minecraft:cooked_mutton":4,"minecraft:air":0,"tombstone:grave_key":1,"minecraft:gold_ingot":1},"minecraft:killed_by":{"minecraft:player":4,"minecraft:skeleton":1},"minecraft:broken":{"minecraft:wooden_pickaxe":1},"minecraft:picked_up":{"minecraft:lilac":2,"minecraft:wooden_pickaxe":1,"minecraft:potato":14,"minecraft:enchanted_book":3,"minecraft:oak_log":10,"tombstone:grave_key":3,"minecraft:dirt":11,"minecraft:cooked_mutton":4,"minecraft:oak_sign":2,"minecraft:wheat_seeds":12,"minecraft:cobbled_deepslate":4,"minecraft:oak_fence_gate":1,"minecraft:iron_pickaxe":1,"minecraft:gray_bed":1,"minecraft:oak_planks":64,"minecraft:furnace":3,"minecraft:stick":16,"iceandfire:ghost_chest":2,"car:canola_seeds":3,"minecraft:torch":4,"minecraft:white_bed":3,"minecraft:carrot":17,"minecraft:oak_sapling":1,"tombstone:magic_scroll":1,"minecraft:ender_pearl":1,"minecraft:cobblestone":63,"minecraft:sunflower":1}},"DataVersion":3465}