{"stats":{"minecraft:used":{"minecraft:stone_pickaxe":5,"minecraft:oak_sign":2,"minecraft:oak_planks":83,"tombstone:grave_key":1,"minecraft:furnace":3,"tombstone:gift":1},"minecraft:dropped":{"minecraft:dirt":1,"minecraft:wheat_seeds":1,"alexsmobs:animal_dictionary":1,"tombstone:grave_key":3,"tombstone:grave_dust":1},"minecraft:custom":{"minecraft:time_since_rest":11483,"minecraft:sprint_one_cm":58656,"minecraft:interact_with_furnace":3,"minecraft:damage_taken":998,"minecraft:walk_one_cm":83375,"minecraft:drop":7,"minecraft:damage_dealt":345,"minecraft:swim_one_cm":45501,"minecraft:player_kills":1,"minecraft:fly_one_cm":114670,"minecraft:open_chest":6,"minecraft:crouch_one_cm":25,"minecraft:play_time":38069,"minecraft:deaths":3,"minecraft:sneak_time":168,"minecraft:walk_under_water_one_cm":1248,"minecraft:jump":596,"minecraft:leave_game":4,"minecraft:walk_on_water_one_cm":4419,"minecraft:time_since_death":13389,"minecraft:total_world_time":38069,"minecraft:fall_one_cm":21543},"minecraft:mined":{"minecraft:white_bed":1,"minecraft:furnace":3,"minecraft:bee_nest":1,"minecraft:grass":84,"minecraft:grass_block":3,"minecraft:oak_log":10,"minecraft:oak_sign":2,"minecraft:dirt":5,"minecraft:stone":2,"minecraft:oak_planks":7,"minecraft:oak_leaves":6},"minecraft:crafted":{"minecraft:oak_planks":36,"tombstone:grave_key":1},"minecraft:killed_by":{"minecraft:player":1},"minecraft:picked_up":{"minecraft:torch":1,"car:canola_seeds":3,"minecraft:oak_log":10,"tombstone:grave_key":3,"minecraft:white_bed":1,"minecraft:dirt":3,"minecraft:oak_sign":2,"minecraft:wheat_seeds":11,"minecraft:oak_planks":64,"minecraft:furnace":3,"minecraft:cobblestone":2,"minecraft:ender_pearl":1}},"DataVersion":3465}