{"stats":{"minecraft:used":{"minecraft:furnace":3,"minecraft:stone_pickaxe":3},"minecraft:dropped":{"minecraft:wheat_seeds":1,"alexsmobs:animal_dictionary":1},"minecraft:custom":{"minecraft:time_since_rest":2224,"minecraft:open_chest":2,"minecraft:sprint_one_cm":15756,"minecraft:interact_with_furnace":1,"minecraft:play_time":15645,"minecraft:deaths":1,"minecraft:damage_taken":213,"minecraft:walk_one_cm":13774,"minecraft:sneak_time":75,"minecraft:walk_under_water_one_cm":108,"minecraft:drop":2,"minecraft:jump":173,"minecraft:damage_dealt":223,"minecraft:leave_game":2,"minecraft:walk_on_water_one_cm":54,"minecraft:time_since_death":4623,"minecraft:total_world_time":15645,"minecraft:swim_one_cm":672,"minecraft:fall_one_cm":2991,"minecraft:fly_one_cm":37386,"minecraft:player_kills":1},"minecraft:mined":{"minecraft:furnace":3,"minecraft:oak_leaves":1},"minecraft:killed_by":{"minecraft:player":1},"minecraft:picked_up":{"minecraft:wheat_seeds":1,"minecraft:furnace":3}},"DataVersion":3465}