{"stats":{"minecraft:used":{"minecraft:wheat_seeds":10,"minecraft:cooked_mutton":1,"minecraft:oak_planks":90,"minecraft:stone_pickaxe":5,"minecraft:oak_sign":2,"minecraft:wooden_pickaxe":11,"minecraft:cobblestone_slab":3,"minecraft:torch":11,"minecraft:dirt":6,"minecraft:crafting_table":1,"minecraft:carrot":10,"minecraft:white_bed":1,"minecraft:oak_fence_gate":1,"minecraft:iron_pickaxe":24,"iceandfire:ghost_chest":2,"tombstone:grave_key":3,"minecraft:lilac":3,"minecraft:cobblestone":58,"minecraft:furnace":14,"minecraft:gray_bed":1,"tombstone:gift":1,"minecraft:egg":2,"car:canola_seeds":3,"minecraft:cobbled_deepslate":13},"minecraft:dropped":{"minecraft:wheat_seeds":1,"alexsmobs:animal_dictionary":1,"minecraft:dirt":1,"tombstone:grave_key":3,"tombstone:grave_dust":1},"minecraft:custom":{"minecraft:interact_with_furnace":6,"minecraft:mob_kills":4,"minecraft:interact_with_crafting_table":3,"minecraft:leave_game":6,"minecraft:time_since_death":186,"minecraft:sleep_in_bed":1,"minecraft:time_since_rest":16,"minecraft:sprint_one_cm":137757,"minecraft:damage_taken":4973,"minecraft:walk_one_cm":171830,"minecraft:trigger_trapped_chest":2,"minecraft:drop":7,"minecraft:damage_dealt":1267,"minecraft:swim_one_cm":68918,"minecraft:fly_one_cm":225523,"minecraft:player_kills":1,"minecraft:open_chest":25,"minecraft:crouch_one_cm":521,"minecraft:play_time":81372,"tombstone:undead_killed":1,"minecraft:deaths":17,"minecraft:sneak_time":445,"minecraft:walk_under_water_one_cm":2910,"minecraft:jump":1239,"minecraft:walk_on_water_one_cm":10538,"minecraft:interact_with_smoker":2,"minecraft:total_world_time":81372,"minecraft:fall_one_cm":56720},"minecraft:mined":{"minecraft:white_bed":3,"minecraft:glass_pane":1,"minecraft:oak_door":1,"minecraft:sculk_vein":3,"minecraft:cobblestone_stairs":1,"minecraft:crafting_table":4,"minecraft:torch":1,"minecraft:grass_block":6,"minecraft:cobblestone":1,"minecraft:oak_planks":8,"minecraft:sculk":18,"minecraft:wall_torch":2,"minecraft:furnace":3,"minecraft:carrots":11,"minecraft:wheat":1,"minecraft:cobbled_deepslate":2,"minecraft:lilac":3,"minecraft:gray_bed":1,"minecraft:bee_nest":1,"minecraft:peony":3,"minecraft:grass":85,"minecraft:potatoes":7,"minecraft:oak_log":10,"minecraft:oak_sign":2,"minecraft:oak_fence_gate":1,"minecraft:dirt":6,"minecraft:stone":4,"minecraft:oak_leaves":6,"minecraft:deepslate":2},"minecraft:crafted":{"minecraft:oak_planks":36,"minecraft:cooked_mutton":4,"minecraft:air":0,"tombstone:grave_key":1,"minecraft:gold_ingot":1,"minecraft:torch":8},"minecraft:killed_by":{"minecraft:player":6,"minecraft:skeleton":2,"iceandfire:ghost":3},"minecraft:broken":{"minecraft:wooden_pickaxe":1},"minecraft:picked_up":{"minecraft:crafting_table":1,"minecraft:lilac":3,"minecraft:leather":1,"minecraft:wooden_pickaxe":1,"minecraft:potato":14,"minecraft:enchanted_book":3,"minecraft:oak_log":10,"tombstone:grave_key":3,"minecraft:cobblestone_stairs":1,"minecraft:dirt":12,"minecraft:cooked_mutton":4,"minecraft:oak_sign":2,"minecraft:wheat_seeds":12,"minecraft:cobbled_deepslate":6,"minecraft:beef":6,"minecraft:oak_fence_gate":1,"minecraft:cobblestone_slab":3,"minecraft:iron_pickaxe":1,"minecraft:gray_bed":1,"minecraft:oak_planks":65,"minecraft:furnace":3,"minecraft:stick":16,"iceandfire:ghost_chest":2,"minecraft:oak_door":1,"car:canola_seeds":3,"minecraft:torch":4,"minecraft:white_bed":3,"minecraft:carrot":17,"tombstone:magic_scroll":1,"minecraft:oak_sapling":1,"minecraft:ender_pearl":1,"minecraft:cobblestone":67,"minecraft:sunflower":1},"minecraft:killed":{"iceandfire:ghost":1,"minecraft:cow":3}},"DataVersion":3465}