{"stats":{"minecraft:picked_up":{"minecraft:crafting_table":1,"minecraft:andesite":37,"minecraft:leather":8,"minecraft:flint":2,"minecraft:oak_log":34,"minecraft:dirt":322,"minecraft:string":3,"minecraft:cooked_mutton":1,"minecraft:bone":6,"minecraft:apple":2,"minecraft:wheat_seeds":13,"minecraft:beef":9,"minecraft:poppy":1,"minecraft:egg":1,"minecraft:stick":12,"minecraft:raw_iron":49,"minecraft:oak_door":6,"minecraft:torch":3,"minecraft:dandelion":1,"minecraft:gravel":17,"minecraft:porkchop":6,"minecraft:diorite":1,"minecraft:white_bed":1,"minecraft:spider_eye":3,"minecraft:arrow":4,"minecraft:rotten_flesh":8,"minecraft:gray_wool":2,"tombstone:magic_scroll":1,"minecraft:oak_sapling":36,"minecraft:black_wool":2,"minecraft:mutton":14,"minecraft:coal":31,"minecraft:white_wool":6,"minecraft:cobblestone":157},"minecraft:used":{"minecraft:cooked_mutton":11,"minecraft:iron_shovel":273,"minecraft:stone_pickaxe":14,"minecraft:wooden_pickaxe":43,"minecraft:chest":1,"minecraft:shield":37,"minecraft:wooden_shovel":51,"minecraft:oak_door":6,"minecraft:torch":15,"minecraft:dirt":75,"minecraft:crafting_table":3,"minecraft:white_bed":2,"minecraft:apple":2,"minecraft:iron_axe":127,"minecraft:iron_pickaxe":224,"minecraft:iron_helmet":1,"minecraft:gravel":12,"minecraft:wooden_sword":76,"minecraft:cobblestone":89,"minecraft:furnace":2,"minecraft:oak_sapling":20,"tombstone:gift":2,"minecraft:egg":1,"minecraft:cooked_beef":8},"minecraft:mined":{"minecraft:white_bed":1,"minecraft:oak_sapling":2,"minecraft:oak_door":5,"minecraft:crafting_table":1,"minecraft:torch":1,"minecraft:grass_block":231,"minecraft:tall_grass":7,"minecraft:cobblestone":28,"minecraft:diorite":1,"minecraft:iron_ore":49,"minecraft:andesite":37,"minecraft:grass":57,"minecraft:oak_log":31,"minecraft:coal_ore":31,"minecraft:dirt_path":12,"minecraft:gravel":15,"minecraft:dirt":44,"minecraft:stone":108,"minecraft:oak_leaves":17},"minecraft:custom":{"minecraft:interact_with_furnace":40,"minecraft:mob_kills":42,"minecraft:interact_with_crafting_table":22,"minecraft:leave_game":3,"minecraft:time_since_death":2088,"minecraft:sleep_in_bed":5,"minecraft:time_since_rest":656,"minecraft:sprint_one_cm":295334,"minecraft:damage_taken":2443,"minecraft:walk_one_cm":218339,"minecraft:damage_blocked_by_shield":2595,"minecraft:drop":3,"minecraft:damage_dealt":6684,"minecraft:player_kills":2,"minecraft:swim_one_cm":27465,"minecraft:fly_one_cm":373536,"minecraft:open_chest":1,"minecraft:play_time":97558,"minecraft:crouch_one_cm":7940,"minecraft:sneak_time":3570,"tombstone:undead_killed":14,"minecraft:deaths":4,"minecraft:walk_under_water_one_cm":16451,"minecraft:jump":1816,"minecraft:walk_on_water_one_cm":11535,"minecraft:total_world_time":97558,"minecraft:fall_one_cm":45448},"minecraft:dropped":{"minecraft:arrow":2,"minecraft:white_wool":2},"minecraft:broken":{"minecraft:shield":1,"minecraft:iron_shovel":1,"minecraft:wooden_sword":1},"minecraft:killed":{"minecraft:pig":4,"minecraft:spider":7,"minecraft:horse":2,"minecraft:sheep":9,"minecraft:skeleton":3,"minecraft:zombie":11,"minecraft:cow":5},"minecraft:crafted":{"minecraft:cooked_beef":9,"minecraft:wooden_sword":1,"minecraft:oak_planks":64,"minecraft:wooden_shovel":1,"minecraft:crafting_table":2,"minecraft:wooden_pickaxe":1,"minecraft:iron_helmet":1,"minecraft:furnace":2,"minecraft:cooked_mutton":10,"minecraft:air":0,"minecraft:iron_boots":1,"minecraft:iron_chestplate":1,"minecraft:shield":1,"minecraft:iron_axe":1,"minecraft:stick":20,"minecraft:iron_ingot":32,"minecraft:iron_pickaxe":1,"minecraft:stone_pickaxe":1,"minecraft:chest":1,"minecraft:iron_shovel":1,"minecraft:iron_leggings":1,"minecraft:white_bed":1,"minecraft:torch":28},"minecraft:killed_by":{"minecraft:skeleton":1,"minecraft:creeper":1,"minecraft:spider":1,"minecraft:zombie":1}},"DataVersion":3465}