{"stats":{"minecraft:picked_up":{"minecraft:crafting_table":1,"minecraft:leather":8,"minecraft:flint":2,"minecraft:oak_log":14,"minecraft:string":1,"minecraft:cooked_mutton":1,"minecraft:bone":3,"minecraft:wheat_seeds":1,"minecraft:beef":9,"minecraft:egg":1,"minecraft:raw_iron":15,"minecraft:oak_door":6,"minecraft:gravel":13,"minecraft:porkchop":6,"minecraft:white_bed":1,"minecraft:spider_eye":2,"minecraft:arrow":2,"minecraft:rotten_flesh":3,"minecraft:gray_wool":2,"minecraft:black_wool":1,"minecraft:mutton":12,"minecraft:coal":1,"minecraft:white_wool":5,"minecraft:cobblestone":62},"minecraft:used":{"minecraft:cooked_mutton":6,"minecraft:stone_pickaxe":14,"minecraft:wooden_pickaxe":43,"minecraft:shield":25,"minecraft:oak_door":6,"minecraft:crafting_table":3,"minecraft:white_bed":2,"minecraft:iron_axe":35,"minecraft:iron_pickaxe":14,"minecraft:iron_helmet":1,"minecraft:gravel":8,"minecraft:wooden_sword":76,"minecraft:cobblestone":26,"minecraft:furnace":1,"minecraft:egg":1,"minecraft:cooked_beef":3},"minecraft:mined":{"minecraft:white_bed":1,"minecraft:oak_door":5,"minecraft:crafting_table":1,"minecraft:tall_grass":6,"minecraft:cobblestone":2,"minecraft:iron_ore":16,"minecraft:grass":30,"minecraft:oak_log":11,"minecraft:coal_ore":1,"minecraft:gravel":11,"minecraft:stone":40},"minecraft:custom":{"minecraft:interact_with_furnace":17,"minecraft:mob_kills":26,"minecraft:interact_with_crafting_table":14,"minecraft:leave_game":2,"minecraft:time_since_death":6140,"minecraft:sleep_in_bed":3,"minecraft:time_since_rest":3661,"minecraft:sprint_one_cm":129525,"minecraft:damage_taken":1186,"minecraft:walk_one_cm":110784,"minecraft:damage_blocked_by_shield":1605,"minecraft:drop":2,"minecraft:damage_dealt":3494,"minecraft:player_kills":2,"minecraft:fly_one_cm":172160,"minecraft:swim_one_cm":19502,"minecraft:crouch_one_cm":3380,"minecraft:play_time":49875,"tombstone:undead_killed":5,"minecraft:deaths":2,"minecraft:sneak_time":1894,"minecraft:walk_under_water_one_cm":9834,"minecraft:jump":900,"minecraft:walk_on_water_one_cm":5378,"minecraft:total_world_time":49875,"minecraft:fall_one_cm":22283},"minecraft:dropped":{"minecraft:arrow":2},"minecraft:broken":{"minecraft:wooden_sword":1},"minecraft:killed":{"minecraft:pig":4,"minecraft:spider":2,"minecraft:skeleton":1,"minecraft:sheep":8,"minecraft:horse":2,"minecraft:zombie":4,"minecraft:cow":5},"minecraft:crafted":{"minecraft:cooked_beef":3,"minecraft:wooden_sword":1,"minecraft:oak_planks":56,"minecraft:crafting_table":2,"minecraft:wooden_pickaxe":1,"minecraft:iron_helmet":1,"minecraft:furnace":1,"minecraft:cooked_mutton":6,"minecraft:air":0,"minecraft:shield":1,"minecraft:iron_axe":1,"minecraft:stick":16,"minecraft:iron_ingot":13,"minecraft:iron_pickaxe":1,"minecraft:stone_pickaxe":1,"minecraft:iron_shovel":1,"minecraft:white_bed":1},"minecraft:killed_by":{"minecraft:creeper":1,"minecraft:spider":1}},"DataVersion":3465}