{"stats":{"minecraft:used":{"minecraft:oak_fence":1,"minecraft:iron_shovel":702,"minecraft:flint_and_steel":7,"minecraft:chest":4,"minecraft:shield":37,"fvtm:asphalt_0":3,"minecraft:wooden_shovel":51,"minecraft:rotten_flesh":3,"minecraft:oak_door":6,"car:asphalt":169,"minecraft:torch":40,"minecraft:dirt":435,"minecraft:iron_axe":304,"fvtm:vehicle_lift":1,"minecraft:iron_helmet":1,"minecraft:oak_sapling":26,"minecraft:furnace":5,"simpleores:adamantium_sword":92,"tombstone:gift":3,"minecraft:egg":3,"minecraft:cooked_beef":18,"minecraft:cobbled_deepslate":24,"minecraft:cooked_mutton":17,"minecraft:diorite":12,"furnitura:wooden_couch_single_white":1,"minecraft:bundle":2,"minecraft:stone_pickaxe":14,"minecraft:wooden_pickaxe":43,"minecraft:cobblestone_slab":56,"minecraft:stonecutter":1,"minecraft:crafting_table":6,"minecraft:white_bed":2,"fvtm:road_tool":3,"minecraft:apple":4,"gep:cola":1,"minecraft:bread":2,"minecraft:iron_pickaxe":1525,"minecraft:gravel":12,"minecraft:wooden_sword":76,"minecraft:cobblestone":353,"minecraft:andesite":24},"minecraft:custom":{"minecraft:mob_kills":82,"minecraft:interact_with_crafting_table":42,"minecraft:leave_game":9,"minecraft:time_since_death":192335,"minecraft:sprint_one_cm":778900,"minecraft:walk_one_cm":689512,"minecraft:damage_blocked_by_shield":2595,"minecraft:drop":35,"minecraft:talked_to_villager":2,"minecraft:play_time":321780,"minecraft:deaths":6,"minecraft:sneak_time":7517,"minecraft:walk_under_water_one_cm":48823,"minecraft:jump":4614,"minecraft:walk_on_water_one_cm":39406,"minecraft:total_world_time":321780,"minecraft:interact_with_furnace":85,"minecraft:interact_with_stonecutter":2,"minecraft:sleep_in_bed":14,"minecraft:time_since_rest":60340,"minecraft:damage_taken":3318,"minecraft:damage_dealt":11127,"minecraft:fly_one_cm":1129715,"minecraft:swim_one_cm":50031,"minecraft:player_kills":2,"minecraft:open_chest":16,"minecraft:crouch_one_cm":20472,"tombstone:undead_killed":28,"minecraft:fall_one_cm":112843},"minecraft:dropped":{"minecraft:iron_ingot":1,"minecraft:wheat_seeds":6,"minecraft:glow_ink_sac":5,"minecraft:ender_pearl":1,"minecraft:leather":5,"gep:cola":1,"tombstone:magic_scroll":1,"minecraft:cornflower":2,"tombstone:grave_dust":3,"minecraft:white_wool":2,"minecraft:redstone":8,"minecraft:bone":24,"minecraft:gravel":2,"minecraft:rotten_flesh":8,"minecraft:light_gray_wool":1,"minecraft:azure_bluet":2,"minecraft:shears":2,"minecraft:cobblestone_slab":266,"minecraft:stone":1,"minecraft:andesite":37,"minecraft:oak_sapling":6,"minecraft:arrow":2,"minecraft:raw_gold":13},"minecraft:mined":{"minecraft:tuff":1,"minecraft:white_bed":1,"minecraft:oak_sapling":4,"minecraft:oak_door":5,"car:asphalt":1,"minecraft:granite":1,"minecraft:grass_block":512,"minecraft:tall_seagrass":2,"minecraft:cobbled_deepslate":1,"minecraft:iron_ore":84,"minecraft:fire":7,"minecraft:andesite":90,"minecraft:cobblestone_slab":33,"minecraft:dirt_path":13,"minecraft:stone":865,"minecraft:deepslate_redstone_ore":9,"minecraft:crafting_table":2,"minecraft:torch":2,"minecraft:copper_ore":3,"minecraft:cobblestone":284,"minecraft:tall_grass":8,"minecraft:lapis_ore":4,"minecraft:deepslate_gold_ore":19,"minecraft:diorite":18,"minecraft:wall_torch":3,"minecraft:grass":81,"minecraft:oak_log":178,"minecraft:coal_ore":100,"minecraft:gravel":35,"minecraft:dirt":177,"minecraft:gold_ore":6,"minecraft:oak_leaves":60,"minecraft:deepslate":24},"minecraft:crafted":{"minecraft:wooden_sword":1,"minecraft:oak_planks":108,"minecraft:furnace":21,"car:asphalt":168,"minecraft:stone":4,"minecraft:cooked_mutton":19,"minecraft:flint_and_steel":1,"minecraft:iron_boots":1,"minecraft:iron_axe":2,"tombstone:grave_key":1,"minecraft:stone_pickaxe":1,"minecraft:chest":4,"minecraft:oak_fence":3,"minecraft:cooked_beef":16,"minecraft:wooden_shovel":1,"simpleores:adamantium_sword":1,"minecraft:cooked_porkchop":8,"minecraft:crafting_table":4,"minecraft:wooden_pickaxe":1,"minecraft:iron_helmet":1,"minecraft:air":0,"furnitura:wooden_couch_single_white":1,"minecraft:iron_chestplate":1,"minecraft:shield":1,"minecraft:stick":32,"minecraft:iron_pickaxe":7,"minecraft:iron_ingot":79,"minecraft:iron_shovel":3,"minecraft:iron_leggings":1,"minecraft:stonecutter":1,"minecraft:white_bed":1,"minecraft:torch":36,"minecraft:shears":1},"minecraft:killed_by":{"minecraft:creeper":1,"minecraft:spider":1,"minecraft:skeleton":2,"minecraft:zombie":2},"minecraft:broken":{"minecraft:iron_shovel":2,"minecraft:shield":1,"minecraft:iron_axe":1,"minecraft:wooden_sword":1,"minecraft:iron_pickaxe":6},"minecraft:picked_up":{"minecraft:crafting_table":2,"minecraft:azure_bluet":2,"minecraft:lead":2,"minecraft:cornflower":2,"minecraft:string":7,"minecraft:raw_copper":12,"minecraft:cobbled_deepslate":25,"minecraft:beef":16,"minecraft:cobblestone_slab":34,"minecraft:poppy":1,"minecraft:light_gray_wool":1,"minecraft:egg":3,"minecraft:stick":41,"minecraft:raw_iron":84,"minecraft:oak_door":6,"minecraft:torch":6,"minecraft:porkchop":14,"tombstone:grave_dust":4,"minecraft:diorite":18,"minecraft:redstone":48,"minecraft:rotten_flesh":29,"minecraft:arrow":9,"minecraft:shears":1,"minecraft:mutton":28,"minecraft:white_wool":15,"minecraft:cobblestone":1156,"minecraft:cooked_beef":2,"minecraft:glow_ink_sac":10,"minecraft:andesite":90,"minecraft:leather":18,"minecraft:flint":5,"minecraft:oak_log":180,"minecraft:lapis_lazuli":29,"minecraft:dirt":677,"minecraft:cooked_mutton":1,"minecraft:bone":35,"minecraft:apple":5,"minecraft:wheat_seeds":19,"minecraft:raw_gold":38,"minecraft:iron_ingot":1,"minecraft:oak_slab":1,"minecraft:dandelion":1,"minecraft:gravel":34,"car:asphalt":1,"minecraft:ink_sac":7,"minecraft:white_bed":1,"minecraft:spider_eye":3,"minecraft:bundle":1,"minecraft:granite":1,"minecraft:gray_wool":2,"tombstone:magic_scroll":2,"minecraft:oak_sapling":88,"minecraft:black_wool":2,"minecraft:coal":98},"minecraft:killed":{"minecraft:spider":10,"minecraft:skeleton":10,"minecraft:horse":2,"minecraft:pig":8,"minecraft:squid":4,"minecraft:sheep":18,"minecraft:zombie":18,"minecraft:cow":10}},"DataVersion":3465}