{"stats":{"minecraft:picked_up":{"minecraft:raw_iron":13,"minecraft:oak_door":1,"minecraft:leather":6,"minecraft:gravel":13,"minecraft:porkchop":5,"minecraft:flint":2,"minecraft:oak_log":14,"minecraft:white_bed":1,"minecraft:spider_eye":1,"minecraft:cooked_mutton":1,"minecraft:bone":2,"minecraft:wheat_seeds":1,"minecraft:beef":3,"minecraft:gray_wool":1,"minecraft:coal":1,"minecraft:mutton":8,"minecraft:white_wool":4,"minecraft:cobblestone":37,"minecraft:egg":1},"minecraft:used":{"minecraft:cooked_mutton":2,"minecraft:stone_pickaxe":14,"minecraft:wooden_pickaxe":43,"minecraft:gravel":8,"minecraft:oak_door":1,"minecraft:wooden_sword":76,"minecraft:cobblestone":26,"minecraft:crafting_table":2,"minecraft:furnace":1,"minecraft:white_bed":1,"minecraft:egg":1,"minecraft:cooked_beef":3},"minecraft:mined":{"minecraft:white_bed":1,"minecraft:iron_ore":13,"minecraft:grass":27,"minecraft:coal_ore":1,"minecraft:oak_log":11,"minecraft:gravel":11,"minecraft:tall_grass":6,"minecraft:cobblestone":2,"minecraft:stone":29},"minecraft:custom":{"minecraft:time_since_rest":10481,"minecraft:interact_with_furnace":10,"minecraft:sprint_one_cm":96398,"minecraft:damage_taken":635,"minecraft:walk_one_cm":65497,"minecraft:mob_kills":13,"minecraft:damage_dealt":2053,"minecraft:swim_one_cm":17572,"minecraft:interact_with_crafting_table":9,"minecraft:fly_one_cm":136152,"minecraft:player_kills":2,"minecraft:crouch_one_cm":3380,"minecraft:play_time":37875,"minecraft:deaths":1,"minecraft:sneak_time":1894,"minecraft:walk_under_water_one_cm":8047,"minecraft:jump":724,"minecraft:leave_game":2,"minecraft:time_since_death":31609,"minecraft:walk_on_water_one_cm":4042,"minecraft:sleep_in_bed":1,"minecraft:total_world_time":37875,"minecraft:fall_one_cm":18521},"minecraft:broken":{"minecraft:wooden_sword":1},"minecraft:killed":{"minecraft:sheep":5,"minecraft:horse":2,"minecraft:pig":3,"minecraft:spider":1,"minecraft:cow":2},"minecraft:crafted":{"minecraft:cooked_beef":3,"minecraft:wooden_sword":1,"minecraft:oak_planks":56,"minecraft:crafting_table":2,"minecraft:stick":8,"minecraft:iron_ingot":3,"minecraft:wooden_pickaxe":1,"minecraft:stone_pickaxe":1,"minecraft:furnace":1,"minecraft:white_bed":1,"minecraft:cooked_mutton":5,"minecraft:air":0},"minecraft:killed_by":{"minecraft:creeper":1}},"DataVersion":3465}