{"stats":{"minecraft:picked_up":{"minecraft:crafting_table":1,"minecraft:andesite":37,"minecraft:leather":8,"minecraft:flint":2,"minecraft:oak_log":34,"minecraft:dirt":323,"minecraft:string":3,"minecraft:cooked_mutton":1,"minecraft:bone":6,"minecraft:apple":3,"minecraft:wheat_seeds":13,"minecraft:beef":9,"minecraft:poppy":1,"minecraft:egg":1,"minecraft:stick":12,"minecraft:raw_iron":50,"minecraft:oak_door":6,"minecraft:torch":4,"minecraft:dandelion":1,"minecraft:gravel":17,"minecraft:porkchop":6,"tombstone:grave_dust":2,"minecraft:diorite":1,"minecraft:white_bed":1,"minecraft:spider_eye":3,"minecraft:arrow":4,"minecraft:rotten_flesh":9,"minecraft:gray_wool":2,"tombstone:magic_scroll":1,"minecraft:oak_sapling":42,"minecraft:black_wool":2,"minecraft:mutton":14,"minecraft:coal":33,"minecraft:white_wool":6,"minecraft:cobblestone":256},"minecraft:used":{"minecraft:cooked_mutton":11,"minecraft:iron_shovel":273,"minecraft:flint_and_steel":5,"minecraft:stone_pickaxe":14,"minecraft:wooden_pickaxe":43,"minecraft:chest":1,"minecraft:shield":37,"minecraft:stonecutter":1,"minecraft:wooden_shovel":51,"minecraft:oak_door":6,"minecraft:torch":23,"minecraft:dirt":76,"minecraft:crafting_table":3,"minecraft:white_bed":2,"minecraft:apple":3,"minecraft:iron_axe":133,"minecraft:bread":2,"minecraft:iron_pickaxe":325,"minecraft:iron_helmet":1,"minecraft:gravel":12,"minecraft:wooden_sword":76,"minecraft:cobblestone":135,"minecraft:furnace":2,"minecraft:oak_sapling":26,"simpleores:adamantium_sword":1,"tombstone:gift":3,"minecraft:egg":1,"minecraft:cooked_beef":8},"minecraft:mined":{"minecraft:white_bed":1,"minecraft:oak_sapling":4,"minecraft:oak_door":5,"minecraft:crafting_table":1,"minecraft:torch":1,"minecraft:grass_block":231,"minecraft:tall_grass":7,"minecraft:cobblestone":28,"minecraft:diorite":1,"minecraft:wall_torch":1,"minecraft:iron_ore":50,"minecraft:fire":5,"minecraft:andesite":37,"minecraft:grass":57,"minecraft:oak_log":31,"minecraft:coal_ore":33,"minecraft:dirt_path":12,"minecraft:gravel":15,"minecraft:dirt":44,"minecraft:stone":206,"minecraft:oak_leaves":17},"minecraft:custom":{"minecraft:interact_with_furnace":52,"minecraft:mob_kills":44,"minecraft:interact_with_crafting_table":26,"minecraft:interact_with_stonecutter":1,"minecraft:leave_game":3,"minecraft:time_since_death":11105,"minecraft:sleep_in_bed":5,"minecraft:time_since_rest":10190,"minecraft:sprint_one_cm":335572,"minecraft:damage_taken":2619,"minecraft:walk_one_cm":238635,"minecraft:damage_blocked_by_shield":2595,"minecraft:drop":3,"minecraft:damage_dealt":6851,"minecraft:player_kills":2,"minecraft:swim_one_cm":28468,"minecraft:fly_one_cm":423810,"minecraft:open_chest":3,"minecraft:play_time":109558,"minecraft:crouch_one_cm":8061,"minecraft:sneak_time":3675,"tombstone:undead_killed":16,"minecraft:deaths":5,"minecraft:walk_under_water_one_cm":17659,"minecraft:jump":2039,"minecraft:walk_on_water_one_cm":12528,"minecraft:total_world_time":109558,"minecraft:fall_one_cm":52068},"minecraft:dropped":{"minecraft:arrow":2,"minecraft:white_wool":2},"minecraft:broken":{"minecraft:shield":1,"minecraft:iron_shovel":1,"minecraft:wooden_sword":1,"minecraft:iron_pickaxe":1},"minecraft:killed":{"minecraft:pig":4,"minecraft:spider":7,"minecraft:horse":2,"minecraft:sheep":9,"minecraft:skeleton":3,"minecraft:zombie":13,"minecraft:cow":5},"minecraft:crafted":{"minecraft:cooked_beef":9,"minecraft:wooden_sword":1,"minecraft:oak_planks":68,"minecraft:wooden_shovel":1,"simpleores:adamantium_sword":1,"minecraft:crafting_table":2,"minecraft:wooden_pickaxe":1,"minecraft:iron_helmet":1,"minecraft:furnace":2,"minecraft:stone":4,"minecraft:cooked_mutton":10,"minecraft:air":0,"minecraft:flint_and_steel":1,"minecraft:iron_boots":1,"minecraft:iron_chestplate":1,"minecraft:shield":1,"minecraft:iron_axe":1,"tombstone:grave_key":1,"minecraft:stick":28,"minecraft:iron_ingot":37,"minecraft:iron_pickaxe":2,"minecraft:stone_pickaxe":1,"minecraft:stonecutter":1,"minecraft:chest":1,"minecraft:iron_shovel":1,"minecraft:iron_leggings":1,"minecraft:white_bed":1,"minecraft:torch":28},"minecraft:killed_by":{"minecraft:skeleton":1,"minecraft:creeper":1,"minecraft:spider":1,"minecraft:zombie":2}},"DataVersion":3465}