{"stats":{"minecraft:picked_up":{"minecraft:crafting_table":1,"minecraft:leather":8,"minecraft:flint":2,"minecraft:oak_log":34,"minecraft:dirt":299,"minecraft:string":3,"minecraft:cooked_mutton":1,"minecraft:bone":4,"minecraft:apple":2,"minecraft:wheat_seeds":13,"minecraft:beef":9,"minecraft:poppy":1,"minecraft:egg":1,"minecraft:stick":12,"minecraft:raw_iron":32,"minecraft:oak_door":6,"minecraft:torch":2,"minecraft:dandelion":1,"minecraft:gravel":17,"minecraft:porkchop":6,"minecraft:diorite":1,"minecraft:white_bed":1,"minecraft:spider_eye":3,"minecraft:arrow":3,"minecraft:rotten_flesh":6,"minecraft:gray_wool":2,"tombstone:magic_scroll":1,"minecraft:oak_sapling":35,"minecraft:black_wool":2,"minecraft:mutton":14,"minecraft:coal":17,"minecraft:white_wool":6,"minecraft:cobblestone":100},"minecraft:used":{"minecraft:cooked_mutton":11,"minecraft:iron_shovel":271,"minecraft:stone_pickaxe":14,"minecraft:wooden_pickaxe":43,"minecraft:shield":37,"minecraft:oak_door":6,"minecraft:torch":7,"minecraft:dirt":61,"minecraft:crafting_table":3,"minecraft:white_bed":2,"minecraft:apple":2,"minecraft:iron_axe":97,"minecraft:iron_pickaxe":92,"minecraft:iron_helmet":1,"minecraft:gravel":12,"minecraft:wooden_sword":76,"minecraft:cobblestone":81,"minecraft:oak_sapling":14,"minecraft:furnace":2,"tombstone:gift":2,"minecraft:egg":1,"minecraft:cooked_beef":6},"minecraft:mined":{"minecraft:white_bed":1,"minecraft:oak_sapling":1,"minecraft:oak_door":5,"minecraft:crafting_table":1,"minecraft:grass_block":223,"minecraft:tall_grass":7,"minecraft:cobblestone":28,"minecraft:diorite":1,"minecraft:iron_ore":32,"minecraft:grass":55,"minecraft:oak_log":31,"minecraft:coal_ore":17,"minecraft:gravel":15,"minecraft:dirt":41,"minecraft:stone":50,"minecraft:oak_leaves":17},"minecraft:custom":{"minecraft:interact_with_furnace":40,"minecraft:mob_kills":38,"minecraft:interact_with_crafting_table":20,"minecraft:leave_game":2,"minecraft:time_since_death":32097,"minecraft:sleep_in_bed":5,"minecraft:time_since_rest":4069,"minecraft:sprint_one_cm":253579,"minecraft:damage_taken":1968,"minecraft:walk_one_cm":190811,"minecraft:damage_blocked_by_shield":2595,"minecraft:drop":3,"minecraft:damage_dealt":5580,"minecraft:player_kills":2,"minecraft:fly_one_cm":326717,"minecraft:swim_one_cm":24689,"minecraft:crouch_one_cm":7643,"minecraft:play_time":85875,"tombstone:undead_killed":10,"minecraft:deaths":3,"minecraft:sneak_time":3491,"minecraft:walk_under_water_one_cm":16311,"minecraft:jump":1595,"minecraft:walk_on_water_one_cm":10684,"minecraft:total_world_time":85875,"minecraft:fall_one_cm":41247},"minecraft:dropped":{"minecraft:arrow":2,"minecraft:white_wool":2},"minecraft:broken":{"minecraft:shield":1,"minecraft:wooden_sword":1},"minecraft:killed":{"minecraft:pig":4,"minecraft:spider":7,"minecraft:skeleton":2,"minecraft:sheep":9,"minecraft:horse":2,"minecraft:zombie":8,"minecraft:cow":5},"minecraft:crafted":{"minecraft:cooked_beef":9,"minecraft:wooden_sword":1,"minecraft:oak_planks":56,"minecraft:crafting_table":2,"minecraft:wooden_pickaxe":1,"minecraft:iron_helmet":1,"minecraft:furnace":2,"minecraft:cooked_mutton":10,"minecraft:air":0,"minecraft:iron_boots":1,"minecraft:iron_chestplate":1,"minecraft:shield":1,"minecraft:iron_axe":1,"minecraft:stick":16,"minecraft:iron_ingot":32,"minecraft:iron_pickaxe":1,"minecraft:stone_pickaxe":1,"minecraft:iron_leggings":1,"minecraft:iron_shovel":1,"minecraft:white_bed":1,"minecraft:torch":20},"minecraft:killed_by":{"minecraft:skeleton":1,"minecraft:creeper":1,"minecraft:spider":1}},"DataVersion":3465}