{"stats":{"minecraft:used":{"car:asphalt_slope_flat_upper":6,"minecraft:oak_fence":1,"minecraft:beetroot":3,"minecraft:iron_shovel":795,"minecraft:flint_and_steel":7,"minecraft:stone_shovel":241,"minecraft:chest":4,"minecraft:shield":37,"car:car_workshop_outter":8,"fvtm:asphalt_0":3,"minecraft:wooden_shovel":51,"minecraft:rotten_flesh":3,"minecraft:oak_door":6,"car:asphalt":313,"minecraft:torch":47,"minecraft:dirt":1013,"securitycraft:keypad_item":1,"minecraft:carrot":9,"minecraft:iron_axe":333,"fvtm:vehicle_lift":1,"iceandfire:ghost_chest":2,"minecraft:iron_helmet":1,"minecraft:oak_sapling":26,"minecraft:furnace":6,"simpleores:adamantium_sword":215,"tombstone:gift":6,"minecraft:egg":3,"minecraft:cooked_beef":22,"minecraft:cobbled_deepslate":24,"minecraft:wheat_seeds":22,"minecraft:cooked_mutton":20,"minecraft:diorite":14,"furnitura:wooden_couch_single_white":1,"minecraft:bundle":2,"minecraft:stone_pickaxe":14,"minecraft:oak_planks":6,"minecraft:wooden_pickaxe":43,"minecraft:cobblestone_slab":56,"minecraft:stonecutter":1,"minecraft:crafting_table":8,"minecraft:white_bed":2,"fvtm:road_tool":3,"minecraft:wooden_hoe":1,"minecraft:apple":4,"minecraft:iron_pickaxe":2793,"gep:cola":1,"minecraft:bread":5,"car:asphalt_slope":30,"minecraft:gravel":14,"car:car_workshop":1,"minecraft:wooden_sword":76,"minecraft:cobblestone":525,"car:asphalt_slab":869,"minecraft:cooked_porkchop":11,"minecraft:andesite":24,"alexsmobs:animal_dictionary":1},"minecraft:custom":{"minecraft:mob_kills":111,"minecraft:interact_with_crafting_table":82,"minecraft:leave_game":11,"minecraft:time_since_death":3632,"minecraft:sprint_one_cm":1294818,"minecraft:walk_one_cm":1189955,"minecraft:damage_blocked_by_shield":2595,"minecraft:drop":53,"minecraft:talked_to_villager":3,"minecraft:play_time":548820,"minecraft:sneak_time":16923,"minecraft:deaths":8,"minecraft:walk_under_water_one_cm":68710,"minecraft:jump":7292,"minecraft:walk_on_water_one_cm":69044,"minecraft:total_world_time":548820,"minecraft:interact_with_furnace":107,"tombstone:raider_killed":3,"minecraft:interact_with_stonecutter":3,"minecraft:sleep_in_bed":22,"minecraft:time_since_rest":3414,"minecraft:damage_taken":4949,"minecraft:trigger_trapped_chest":8,"minecraft:damage_dealt":17792,"minecraft:player_kills":2,"minecraft:swim_one_cm":103520,"minecraft:fly_one_cm":1695918,"minecraft:crouch_one_cm":56085,"minecraft:open_chest":75,"tombstone:undead_killed":51,"minecraft:fall_one_cm":160990,"minecraft:horse_one_cm":11406},"minecraft:dropped":{"minecraft:iron_ingot":1,"aether:white_cape":1,"minecraft:wheat_seeds":6,"minecraft:glow_ink_sac":5,"minecraft:ender_pearl":1,"minecraft:leather":5,"iceandfire:ectoplasm":5,"gep:cola":1,"minecraft:dirt":20,"minecraft:wooden_hoe":1,"tombstone:magic_scroll":1,"minecraft:cornflower":2,"tombstone:grave_dust":3,"minecraft:white_wool":2,"minecraft:redstone":8,"minecraft:bone":24,"minecraft:gravel":16,"minecraft:furnace":1,"car:canola_seeds":3,"minecraft:rotten_flesh":11,"minecraft:light_gray_wool":1,"minecraft:azure_bluet":2,"minecraft:shears":2,"minecraft:pumpkin_seeds":21,"minecraft:cobblestone_slab":266,"minecraft:stone":1,"aether:iron_gloves":1,"minecraft:andesite":37,"minecraft:oak_sapling":6,"minecraft:spider_eye":1,"minecraft:arrow":2,"minecraft:raw_gold":13},"minecraft:mined":{"minecraft:diamond_ore":2,"minecraft:tuff":1,"minecraft:white_bed":1,"minecraft:oak_sapling":4,"minecraft:oak_door":5,"car:asphalt":242,"minecraft:granite":40,"minecraft:grass_block":840,"minecraft:tall_seagrass":2,"minecraft:furnace":1,"minecraft:carrots":3,"minecraft:iron_ore":162,"minecraft:fire":7,"minecraft:cobbled_deepslate":1,"minecraft:andesite":134,"minecraft:pumpkin":8,"minecraft:cobblestone_slab":138,"minecraft:dirt_path":13,"minecraft:stone":1263,"minecraft:deepslate_redstone_ore":9,"minecraft:dandelion":2,"minecraft:crafting_table":4,"minecraft:torch":2,"minecraft:copper_ore":3,"minecraft:tall_grass":13,"minecraft:cobblestone":497,"minecraft:deepslate_gold_ore":19,"minecraft:lapis_ore":10,"minecraft:oak_planks":6,"minecraft:diorite":33,"minecraft:wall_torch":4,"minecraft:wheat":18,"minecraft:grass":108,"minecraft:coal_ore":148,"minecraft:oak_log":188,"minecraft:beetroots":5,"car:asphalt_slope":6,"car:asphalt_slope_flat_upper":6,"minecraft:gravel":65,"minecraft:dirt":229,"car:asphalt_slab":50,"minecraft:gold_ore":10,"minecraft:oak_leaves":87,"minecraft:deepslate":24},"minecraft:crafted":{"minecraft:black_dye":7,"minecraft:wooden_sword":1,"minecraft:oak_planks":124,"minecraft:stone_shovel":2,"minecraft:furnace":21,"minecraft:stone_button":8,"minecraft:piston":1,"car:asphalt":704,"minecraft:stone":12,"car:oak_body":1,"securitycraft:keypad_item":1,"car:wheel":2,"minecraft:heavy_weighted_pressure_plate":1,"minecraft:cooked_mutton":19,"minecraft:flint_and_steel":1,"securitycraft:laser_block":1,"car:asphalt_slab":822,"minecraft:iron_boots":1,"minecraft:iron_axe":2,"tombstone:grave_key":1,"minecraft:stone_pickaxe":1,"minecraft:chest":4,"iceandfire:ghost_chest":1,"minecraft:redstone_block":1,"minecraft:black_wool":7,"minecraft:oak_fence":3,"car:iron_stick":6,"minecraft:cooked_beef":16,"car:car_workshop_outter":8,"minecraft:wooden_shovel":1,"car:car_workshop":1,"simpleores:adamantium_sword":1,"minecraft:cooked_porkchop":8,"minecraft:crafting_table":4,"minecraft:wooden_pickaxe":1,"minecraft:iron_helmet":1,"car:engine_piston":3,"minecraft:pumpkin_seeds":32,"car:asphalt_slope_flat_upper":4,"minecraft:bread":4,"minecraft:air":0,"furnitura:wooden_couch_single_white":1,"car:asphalt_slope":24,"minecraft:iron_chestplate":1,"minecraft:wooden_hoe":1,"minecraft:shield":1,"minecraft:stick":32,"minecraft:iron_ingot":226,"minecraft:iron_pickaxe":12,"minecraft:iron_block":9,"minecraft:iron_shovel":3,"minecraft:gold_ingot":16,"minecraft:iron_leggings":1,"minecraft:stonecutter":1,"minecraft:white_bed":1,"minecraft:torch":40,"car:engine_3_cylinder":1,"minecraft:shears":1,"securitycraft:universal_block_reinforcer_lvl1":1},"minecraft:killed_by":{"minecraft:creeper":1,"minecraft:spider":1,"minecraft:skeleton":2,"minecraft:zombie":2,"iceandfire:ghost":1},"minecraft:broken":{"minecraft:iron_shovel":3,"minecraft:shield":1,"minecraft:iron_axe":1,"minecraft:wooden_sword":1,"minecraft:iron_pickaxe":11,"minecraft:stone_shovel":1},"minecraft:picked_up":{"minecraft:crafting_table":4,"minecraft:wheat":13,"minecraft:azure_bluet":2,"car:asphalt_slope":6,"minecraft:lead":2,"aether:iron_gloves":1,"minecraft:enchanted_book":1,"minecraft:cornflower":2,"minecraft:string":10,"minecraft:raw_copper":12,"minecraft:beetroot":5,"minecraft:cobbled_deepslate":25,"minecraft:beef":16,"car:asphalt_slope_flat_upper":6,"minecraft:cobblestone_slab":144,"minecraft:poppy":1,"minecraft:light_gray_wool":1,"minecraft:furnace":2,"minecraft:egg":3,"minecraft:stick":46,"minecraft:raw_iron":161,"iceandfire:ghost_chest":1,"minecraft:oak_door":6,"minecraft:torch":8,"minecraft:porkchop":14,"tombstone:grave_dust":5,"minecraft:diorite":34,"minecraft:carrot":10,"minecraft:redstone":48,"minecraft:arrow":10,"minecraft:rotten_flesh":38,"minecraft:beetroot_seeds":12,"minecraft:shears":1,"minecraft:mutton":29,"aether:white_cape":1,"minecraft:white_wool":16,"minecraft:cobblestone":1765,"minecraft:cooked_beef":6,"minecraft:glow_ink_sac":10,"minecraft:andesite":134,"minecraft:leather":18,"minecraft:flint":5,"minecraft:oak_log":190,"iceandfire:ectoplasm":10,"minecraft:lapis_lazuli":67,"minecraft:wooden_hoe":1,"minecraft:dirt":1055,"minecraft:white_banner":1,"minecraft:cooked_mutton":1,"securitycraft:reinforced_stone_button":8,"minecraft:bone":37,"minecraft:apple":5,"minecraft:wheat_seeds":71,"minecraft:raw_gold":42,"minecraft:iron_ingot":44,"minecraft:oak_planks":6,"car:asphalt_slab":56,"minecraft:oak_slab":1,"minecraft:cooked_porkchop":3,"minecraft:pumpkin":8,"car:canola_seeds":5,"minecraft:dandelion":3,"minecraft:gravel":77,"car:asphalt":242,"minecraft:ink_sac":7,"minecraft:white_bed":1,"minecraft:spider_eye":4,"alexsmobs:animal_dictionary":1,"minecraft:bundle":2,"minecraft:pumpkin_seeds":5,"minecraft:diamond":2,"minecraft:granite":40,"minecraft:gray_wool":2,"tombstone:magic_scroll":2,"minecraft:oak_sapling":90,"minecraft:black_wool":2,"minecraft:coal":146},"minecraft:killed":{"minecraft:spider":12,"minecraft:skeleton":14,"minecraft:horse":2,"minecraft:pig":8,"minecraft:squid":4,"minecraft:sheep":19,"minecraft:pillager":3,"minecraft:zombie":32,"iceandfire:ghost":5,"minecraft:cow":10}},"DataVersion":3465}