{"stats":{"minecraft:killed":{"minecraft:spider":10,"minecraft:skeleton":10,"minecraft:horse":2,"minecraft:pig":4,"minecraft:squid":4,"minecraft:sheep":15,"minecraft:zombie":18,"minecraft:cow":10},"minecraft:used":{"minecraft:iron_shovel":683,"minecraft:flint_and_steel":7,"minecraft:chest":2,"minecraft:shield":37,"fvtm:asphalt_0":3,"minecraft:wooden_shovel":51,"minecraft:rotten_flesh":3,"minecraft:oak_door":6,"car:asphalt":169,"minecraft:torch":36,"minecraft:dirt":216,"minecraft:iron_axe":179,"fvtm:vehicle_lift":1,"minecraft:iron_helmet":1,"minecraft:furnace":4,"minecraft:oak_sapling":26,"simpleores:adamantium_sword":67,"tombstone:gift":3,"minecraft:egg":3,"minecraft:cooked_beef":17,"minecraft:cooked_mutton":15,"minecraft:bundle":2,"minecraft:stone_pickaxe":14,"minecraft:wooden_pickaxe":43,"minecraft:cobblestone_slab":56,"minecraft:stonecutter":1,"minecraft:crafting_table":5,"minecraft:white_bed":2,"fvtm:road_tool":3,"minecraft:apple":4,"gep:cola":1,"minecraft:bread":2,"minecraft:iron_pickaxe":1043,"minecraft:gravel":12,"minecraft:wooden_sword":76,"minecraft:cobblestone":324},"minecraft:dropped":{"minecraft:iron_ingot":1,"minecraft:wheat_seeds":6,"minecraft:glow_ink_sac":5,"minecraft:ender_pearl":1,"minecraft:leather":5,"gep:cola":1,"tombstone:magic_scroll":1,"minecraft:cornflower":2,"tombstone:grave_dust":3,"minecraft:white_wool":2,"minecraft:redstone":8,"minecraft:bone":24,"minecraft:gravel":2,"minecraft:rotten_flesh":8,"minecraft:light_gray_wool":1,"minecraft:azure_bluet":2,"minecraft:shears":2,"minecraft:cobblestone_slab":266,"minecraft:stone":1,"minecraft:andesite":37,"minecraft:oak_sapling":6,"minecraft:arrow":2,"minecraft:raw_gold":13},"minecraft:custom":{"minecraft:mob_kills":75,"minecraft:interact_with_crafting_table":38,"minecraft:leave_game":8,"minecraft:time_since_death":153008,"minecraft:sprint_one_cm":726822,"minecraft:walk_one_cm":540849,"minecraft:damage_blocked_by_shield":2595,"minecraft:drop":35,"minecraft:play_time":282453,"minecraft:deaths":6,"minecraft:sneak_time":5763,"minecraft:walk_under_water_one_cm":36197,"minecraft:jump":4220,"minecraft:walk_on_water_one_cm":27415,"minecraft:total_world_time":282453,"minecraft:interact_with_furnace":79,"minecraft:interact_with_stonecutter":2,"minecraft:sleep_in_bed":14,"minecraft:time_since_rest":21013,"minecraft:damage_taken":3314,"minecraft:damage_dealt":10473,"minecraft:fly_one_cm":1074763,"minecraft:swim_one_cm":46248,"minecraft:player_kills":2,"minecraft:open_chest":12,"minecraft:crouch_one_cm":14171,"tombstone:undead_killed":28,"minecraft:fall_one_cm":105501},"minecraft:killed_by":{"minecraft:creeper":1,"minecraft:spider":1,"minecraft:skeleton":2,"minecraft:zombie":2},"minecraft:picked_up":{"minecraft:crafting_table":2,"minecraft:azure_bluet":2,"minecraft:cornflower":2,"minecraft:string":7,"minecraft:cobbled_deepslate":1,"minecraft:beef":16,"minecraft:cobblestone_slab":7,"minecraft:poppy":1,"minecraft:light_gray_wool":1,"minecraft:egg":3,"minecraft:stick":21,"minecraft:raw_iron":68,"minecraft:oak_door":6,"minecraft:torch":5,"minecraft:porkchop":6,"tombstone:grave_dust":4,"minecraft:diorite":1,"minecraft:redstone":48,"minecraft:rotten_flesh":27,"minecraft:arrow":9,"minecraft:shears":1,"minecraft:mutton":23,"minecraft:white_wool":12,"minecraft:cobblestone":881,"minecraft:cooked_beef":2,"minecraft:glow_ink_sac":10,"minecraft:andesite":37,"minecraft:leather":18,"minecraft:flint":2,"minecraft:oak_log":68,"minecraft:dirt":663,"minecraft:cooked_mutton":1,"minecraft:bone":35,"minecraft:apple":4,"minecraft:wheat_seeds":19,"minecraft:raw_gold":26,"minecraft:iron_ingot":1,"minecraft:oak_slab":1,"minecraft:dandelion":1,"minecraft:gravel":21,"car:asphalt":1,"minecraft:ink_sac":7,"minecraft:white_bed":1,"minecraft:spider_eye":3,"minecraft:bundle":1,"minecraft:gray_wool":2,"tombstone:magic_scroll":2,"minecraft:oak_sapling":54,"minecraft:black_wool":2,"minecraft:coal":51},"minecraft:mined":{"minecraft:tuff":1,"minecraft:white_bed":1,"minecraft:oak_sapling":4,"minecraft:oak_door":5,"car:asphalt":1,"minecraft:grass_block":505,"minecraft:tall_seagrass":2,"minecraft:iron_ore":68,"minecraft:fire":7,"minecraft:andesite":37,"minecraft:cobblestone_slab":8,"minecraft:dirt_path":12,"minecraft:stone":610,"minecraft:deepslate_redstone_ore":9,"minecraft:crafting_table":2,"minecraft:torch":2,"minecraft:cobblestone":263,"minecraft:tall_grass":8,"minecraft:deepslate_gold_ore":13,"minecraft:diorite":1,"minecraft:wall_torch":1,"minecraft:grass":81,"minecraft:oak_log":65,"minecraft:coal_ore":51,"minecraft:gravel":19,"minecraft:dirt":169,"minecraft:oak_leaves":36,"minecraft:deepslate":1},"minecraft:crafted":{"minecraft:wooden_sword":1,"minecraft:oak_planks":84,"minecraft:furnace":20,"car:asphalt":168,"minecraft:stone":4,"minecraft:cooked_mutton":14,"minecraft:flint_and_steel":1,"minecraft:iron_boots":1,"minecraft:iron_axe":2,"tombstone:grave_key":1,"minecraft:stone_pickaxe":1,"minecraft:chest":2,"minecraft:cooked_beef":16,"minecraft:wooden_shovel":1,"simpleores:adamantium_sword":1,"minecraft:crafting_table":4,"minecraft:wooden_pickaxe":1,"minecraft:iron_helmet":1,"minecraft:air":0,"minecraft:iron_chestplate":1,"minecraft:shield":1,"minecraft:stick":32,"minecraft:iron_pickaxe":5,"minecraft:iron_ingot":79,"minecraft:iron_shovel":3,"minecraft:iron_leggings":1,"minecraft:stonecutter":1,"minecraft:white_bed":1,"minecraft:torch":32,"minecraft:shears":1},"minecraft:broken":{"minecraft:iron_shovel":2,"minecraft:shield":1,"minecraft:iron_axe":1,"minecraft:wooden_sword":1,"minecraft:iron_pickaxe":4}},"DataVersion":3465}