{"stats":{"minecraft:used":{"car:asphalt_slope_flat_upper":6,"minecraft:oak_fence":1,"minecraft:iron_shovel":795,"minecraft:flint_and_steel":7,"minecraft:stone_shovel":239,"minecraft:chest":4,"minecraft:shield":37,"fvtm:asphalt_0":3,"minecraft:wooden_shovel":51,"minecraft:rotten_flesh":3,"minecraft:oak_door":6,"car:asphalt":313,"minecraft:torch":45,"minecraft:dirt":1001,"minecraft:iron_axe":319,"fvtm:vehicle_lift":1,"minecraft:iron_helmet":1,"minecraft:oak_sapling":26,"minecraft:furnace":6,"simpleores:adamantium_sword":153,"tombstone:gift":3,"minecraft:egg":3,"minecraft:cooked_beef":18,"minecraft:cobbled_deepslate":24,"minecraft:cooked_mutton":20,"minecraft:diorite":12,"furnitura:wooden_couch_single_white":1,"minecraft:bundle":2,"minecraft:stone_pickaxe":14,"minecraft:wooden_pickaxe":43,"minecraft:cobblestone_slab":56,"minecraft:stonecutter":1,"minecraft:crafting_table":7,"minecraft:white_bed":2,"fvtm:road_tool":3,"minecraft:apple":4,"gep:cola":1,"minecraft:bread":2,"car:asphalt_slope":30,"minecraft:iron_pickaxe":2730,"minecraft:gravel":14,"minecraft:wooden_sword":76,"minecraft:cobblestone":470,"car:asphalt_slab":869,"minecraft:cooked_porkchop":8,"minecraft:andesite":24},"minecraft:custom":{"minecraft:mob_kills":96,"minecraft:interact_with_crafting_table":60,"minecraft:leave_game":9,"minecraft:time_since_death":312335,"minecraft:sprint_one_cm":1063492,"minecraft:walk_one_cm":979573,"minecraft:damage_blocked_by_shield":2595,"minecraft:drop":40,"minecraft:talked_to_villager":3,"minecraft:play_time":441780,"minecraft:deaths":6,"minecraft:sneak_time":16178,"minecraft:walk_under_water_one_cm":68710,"minecraft:jump":6182,"minecraft:walk_on_water_one_cm":68857,"minecraft:total_world_time":441780,"minecraft:interact_with_furnace":90,"minecraft:interact_with_stonecutter":3,"minecraft:sleep_in_bed":20,"minecraft:time_since_rest":5399,"minecraft:damage_taken":3991,"minecraft:damage_dealt":14087,"minecraft:fly_one_cm":1435995,"minecraft:swim_one_cm":103520,"minecraft:player_kills":2,"minecraft:open_chest":28,"minecraft:crouch_one_cm":54083,"tombstone:undead_killed":40,"minecraft:fall_one_cm":134443,"minecraft:horse_one_cm":11406},"minecraft:dropped":{"minecraft:iron_ingot":1,"minecraft:wheat_seeds":6,"minecraft:glow_ink_sac":5,"minecraft:ender_pearl":1,"minecraft:leather":5,"gep:cola":1,"minecraft:dirt":20,"tombstone:magic_scroll":1,"minecraft:cornflower":2,"tombstone:grave_dust":3,"minecraft:white_wool":2,"minecraft:redstone":8,"minecraft:bone":24,"minecraft:gravel":2,"minecraft:furnace":1,"car:canola_seeds":3,"minecraft:rotten_flesh":11,"minecraft:light_gray_wool":1,"minecraft:azure_bluet":2,"minecraft:shears":2,"minecraft:cobblestone_slab":266,"minecraft:stone":1,"minecraft:andesite":37,"minecraft:oak_sapling":6,"minecraft:arrow":2,"minecraft:raw_gold":13},"minecraft:mined":{"minecraft:diamond_ore":2,"minecraft:tuff":1,"minecraft:white_bed":1,"minecraft:oak_sapling":4,"minecraft:oak_door":5,"car:asphalt":242,"minecraft:granite":40,"minecraft:grass_block":837,"minecraft:tall_seagrass":2,"minecraft:furnace":1,"minecraft:cobbled_deepslate":1,"minecraft:iron_ore":162,"minecraft:fire":7,"minecraft:andesite":134,"minecraft:cobblestone_slab":138,"minecraft:dirt_path":13,"minecraft:stone":1263,"minecraft:deepslate_redstone_ore":9,"minecraft:dandelion":2,"minecraft:crafting_table":4,"minecraft:torch":2,"minecraft:copper_ore":3,"minecraft:cobblestone":443,"minecraft:tall_grass":13,"minecraft:lapis_ore":10,"minecraft:deepslate_gold_ore":19,"minecraft:diorite":33,"minecraft:wall_torch":4,"minecraft:grass":107,"minecraft:oak_log":188,"minecraft:coal_ore":148,"car:asphalt_slope":6,"car:asphalt_slope_flat_upper":6,"minecraft:gravel":65,"minecraft:dirt":228,"car:asphalt_slab":41,"minecraft:gold_ore":10,"minecraft:oak_leaves":87,"minecraft:deepslate":24},"minecraft:crafted":{"minecraft:wooden_sword":1,"minecraft:stone_shovel":2,"minecraft:oak_planks":108,"minecraft:furnace":21,"car:asphalt":512,"minecraft:stone":4,"minecraft:cooked_mutton":19,"minecraft:flint_and_steel":1,"car:asphalt_slab":822,"minecraft:iron_boots":1,"minecraft:iron_axe":2,"tombstone:grave_key":1,"minecraft:stone_pickaxe":1,"minecraft:chest":4,"minecraft:oak_fence":3,"minecraft:cooked_beef":16,"minecraft:wooden_shovel":1,"simpleores:adamantium_sword":1,"minecraft:cooked_porkchop":8,"minecraft:crafting_table":4,"minecraft:wooden_pickaxe":1,"minecraft:iron_helmet":1,"car:asphalt_slope_flat_upper":4,"minecraft:air":0,"furnitura:wooden_couch_single_white":1,"car:asphalt_slope":24,"minecraft:iron_chestplate":1,"minecraft:shield":1,"minecraft:stick":32,"minecraft:iron_pickaxe":12,"minecraft:iron_ingot":103,"minecraft:iron_shovel":3,"minecraft:iron_leggings":1,"minecraft:stonecutter":1,"minecraft:white_bed":1,"minecraft:torch":40,"minecraft:shears":1},"minecraft:killed_by":{"minecraft:creeper":1,"minecraft:spider":1,"minecraft:skeleton":2,"minecraft:zombie":2},"minecraft:broken":{"minecraft:iron_shovel":3,"minecraft:shield":1,"minecraft:iron_axe":1,"minecraft:wooden_sword":1,"minecraft:iron_pickaxe":10,"minecraft:stone_shovel":1},"minecraft:picked_up":{"minecraft:crafting_table":4,"minecraft:azure_bluet":2,"car:asphalt_slope":6,"minecraft:lead":2,"minecraft:cornflower":2,"minecraft:string":9,"minecraft:raw_copper":12,"minecraft:cobbled_deepslate":25,"minecraft:beef":16,"car:asphalt_slope_flat_upper":6,"minecraft:cobblestone_slab":144,"minecraft:poppy":1,"minecraft:light_gray_wool":1,"minecraft:furnace":2,"minecraft:egg":3,"minecraft:stick":45,"minecraft:raw_iron":161,"minecraft:oak_door":6,"minecraft:torch":8,"minecraft:porkchop":14,"tombstone:grave_dust":4,"minecraft:diorite":34,"minecraft:redstone":48,"minecraft:rotten_flesh":32,"minecraft:arrow":10,"minecraft:shears":1,"minecraft:mutton":29,"minecraft:white_wool":16,"minecraft:cobblestone":1711,"minecraft:cooked_beef":2,"minecraft:glow_ink_sac":10,"minecraft:andesite":134,"minecraft:leather":18,"minecraft:flint":5,"minecraft:oak_log":190,"minecraft:lapis_lazuli":67,"minecraft:dirt":1042,"minecraft:cooked_mutton":1,"minecraft:bone":37,"minecraft:apple":5,"minecraft:wheat_seeds":27,"minecraft:raw_gold":42,"minecraft:iron_ingot":1,"car:asphalt_slab":47,"minecraft:oak_slab":1,"car:canola_seeds":5,"minecraft:dandelion":3,"minecraft:gravel":63,"car:asphalt":242,"minecraft:ink_sac":7,"minecraft:white_bed":1,"minecraft:spider_eye":3,"minecraft:bundle":1,"minecraft:diamond":2,"minecraft:granite":40,"minecraft:gray_wool":2,"tombstone:magic_scroll":2,"minecraft:oak_sapling":90,"minecraft:black_wool":2,"minecraft:coal":146},"minecraft:killed":{"minecraft:spider":11,"minecraft:skeleton":13,"minecraft:horse":2,"minecraft:pig":8,"minecraft:squid":4,"minecraft:sheep":19,"minecraft:zombie":27,"minecraft:cow":10}},"DataVersion":3465}