{"stats":{"minecraft:used":{"minecraft:wooden_sword":31,"minecraft:wooden_pickaxe":13},"minecraft:picked_up":{"minecraft:oak_door":1,"minecraft:gravel":4,"minecraft:oak_log":5,"minecraft:cobblestone":14},"minecraft:mined":{"minecraft:grass":19,"minecraft:oak_log":2,"minecraft:gravel":4,"minecraft:tall_grass":4,"minecraft:stone":9},"minecraft:custom":{"minecraft:time_since_rest":7360,"minecraft:damage_taken":255,"minecraft:crouch_one_cm":529,"minecraft:play_time":13875,"minecraft:sprint_one_cm":23826,"minecraft:deaths":1,"minecraft:walk_one_cm":17606,"minecraft:sneak_time":369,"minecraft:mob_kills":1,"minecraft:jump":181,"minecraft:damage_dealt":747,"minecraft:leave_game":2,"minecraft:time_since_death":7609,"minecraft:total_world_time":13875,"minecraft:interact_with_crafting_table":4,"minecraft:fall_one_cm":4422,"minecraft:fly_one_cm":34941,"minecraft:player_kills":2},"minecraft:killed":{"minecraft:horse":1},"minecraft:crafted":{"minecraft:wooden_sword":1,"minecraft:oak_planks":20,"minecraft:stick":4,"minecraft:wooden_pickaxe":1},"minecraft:killed_by":{"minecraft:creeper":1}},"DataVersion":3465}