{"stats":{"minecraft:killed":{"minecraft:pig":4,"minecraft:spider":7,"minecraft:skeleton":7,"minecraft:horse":2,"minecraft:sheep":11,"minecraft:zombie":13,"minecraft:cow":5},"minecraft:used":{"minecraft:cooked_mutton":12,"minecraft:iron_shovel":683,"minecraft:flint_and_steel":7,"minecraft:stone_pickaxe":14,"minecraft:chest":2,"minecraft:wooden_pickaxe":43,"minecraft:shield":37,"minecraft:cobblestone_slab":56,"minecraft:wooden_shovel":51,"fvtm:asphalt_0":3,"minecraft:stonecutter":1,"minecraft:rotten_flesh":3,"minecraft:oak_door":6,"minecraft:torch":25,"minecraft:dirt":144,"minecraft:crafting_table":3,"minecraft:white_bed":2,"fvtm:road_tool":3,"minecraft:apple":3,"fvtm:vehicle_lift":1,"minecraft:iron_axe":134,"gep:cola":1,"minecraft:bread":2,"minecraft:iron_pickaxe":608,"minecraft:iron_helmet":1,"minecraft:gravel":12,"minecraft:wooden_sword":76,"minecraft:cobblestone":324,"minecraft:oak_sapling":26,"minecraft:furnace":2,"simpleores:adamantium_sword":9,"tombstone:gift":3,"minecraft:egg":2,"minecraft:cooked_beef":11},"minecraft:dropped":{"minecraft:gravel":2,"minecraft:iron_ingot":1,"minecraft:wheat_seeds":6,"minecraft:light_gray_wool":1,"gep:cola":1,"minecraft:azure_bluet":2,"minecraft:cobblestone_slab":266,"minecraft:cornflower":1,"minecraft:arrow":2,"minecraft:white_wool":2},"minecraft:custom":{"minecraft:interact_with_furnace":62,"minecraft:mob_kills":50,"minecraft:interact_with_crafting_table":30,"minecraft:interact_with_stonecutter":2,"minecraft:leave_game":5,"minecraft:time_since_death":77580,"minecraft:sleep_in_bed":10,"minecraft:time_since_rest":30120,"minecraft:sprint_one_cm":491404,"minecraft:damage_taken":3022,"minecraft:walk_one_cm":401610,"minecraft:damage_blocked_by_shield":2595,"minecraft:drop":18,"minecraft:damage_dealt":7296,"minecraft:player_kills":2,"minecraft:swim_one_cm":38052,"minecraft:fly_one_cm":762314,"minecraft:play_time":207025,"minecraft:crouch_one_cm":10614,"minecraft:open_chest":5,"minecraft:sneak_time":4420,"tombstone:undead_killed":20,"minecraft:deaths":6,"minecraft:walk_under_water_one_cm":18310,"minecraft:jump":2998,"minecraft:walk_on_water_one_cm":12727,"minecraft:total_world_time":207025,"minecraft:fall_one_cm":73300},"minecraft:killed_by":{"minecraft:skeleton":2,"minecraft:creeper":1,"minecraft:spider":1,"minecraft:zombie":2},"minecraft:picked_up":{"minecraft:crafting_table":1,"minecraft:azure_bluet":2,"minecraft:cooked_beef":2,"minecraft:andesite":37,"minecraft:leather":10,"minecraft:flint":2,"minecraft:oak_log":34,"minecraft:cornflower":2,"minecraft:dirt":644,"minecraft:string":3,"minecraft:cooked_mutton":1,"minecraft:bone":13,"minecraft:apple":3,"minecraft:wheat_seeds":19,"minecraft:iron_ingot":1,"minecraft:beef":9,"minecraft:cobblestone_slab":2,"minecraft:poppy":1,"minecraft:light_gray_wool":1,"minecraft:egg":2,"minecraft:stick":12,"minecraft:raw_iron":50,"minecraft:oak_door":6,"minecraft:torch":4,"minecraft:dandelion":1,"minecraft:gravel":19,"minecraft:porkchop":6,"tombstone:grave_dust":2,"minecraft:diorite":1,"minecraft:white_bed":1,"minecraft:spider_eye":3,"minecraft:arrow":7,"minecraft:rotten_flesh":9,"minecraft:gray_wool":2,"tombstone:magic_scroll":1,"minecraft:oak_sapling":42,"minecraft:black_wool":2,"minecraft:mutton":16,"minecraft:coal":33,"minecraft:white_wool":8,"minecraft:cobblestone":522},"minecraft:mined":{"minecraft:white_bed":1,"minecraft:oak_sapling":4,"minecraft:oak_door":5,"minecraft:crafting_table":1,"minecraft:torch":1,"minecraft:grass_block":504,"minecraft:tall_grass":7,"minecraft:cobblestone":45,"minecraft:diorite":1,"minecraft:wall_torch":1,"minecraft:iron_ore":50,"minecraft:fire":7,"minecraft:andesite":37,"minecraft:grass":79,"minecraft:coal_ore":33,"minecraft:oak_log":31,"minecraft:cobblestone_slab":2,"minecraft:dirt_path":12,"minecraft:gravel":17,"minecraft:dirt":166,"minecraft:stone":467,"minecraft:oak_leaves":17},"minecraft:crafted":{"minecraft:cooked_beef":9,"minecraft:wooden_sword":1,"minecraft:oak_planks":76,"minecraft:wooden_shovel":1,"simpleores:adamantium_sword":1,"minecraft:crafting_table":2,"minecraft:iron_helmet":1,"minecraft:wooden_pickaxe":1,"minecraft:furnace":2,"minecraft:stone":4,"minecraft:cooked_mutton":11,"minecraft:air":0,"minecraft:flint_and_steel":1,"minecraft:iron_boots":1,"minecraft:iron_chestplate":1,"minecraft:shield":1,"minecraft:iron_axe":1,"tombstone:grave_key":1,"minecraft:stick":32,"minecraft:iron_ingot":61,"minecraft:iron_pickaxe":3,"minecraft:stone_pickaxe":1,"minecraft:chest":2,"minecraft:iron_shovel":3,"minecraft:iron_leggings":1,"minecraft:stonecutter":1,"minecraft:white_bed":1,"minecraft:torch":28},"minecraft:broken":{"minecraft:shield":1,"minecraft:iron_shovel":2,"minecraft:wooden_sword":1,"minecraft:iron_pickaxe":2}},"DataVersion":3465}