{"stats":{"minecraft:used":{"minecraft:beetroot":3,"minecraft:cherry_sapling":44,"minecraft:iron_shovel":795,"minecraft:poppy":1,"minecraft:chest":6,"minecraft:shield":37,"fvtm:asphalt_0":3,"minecraft:rotten_flesh":3,"car:asphalt":313,"securitycraft:keypad_item":1,"minecraft:carrot":9,"minecraft:obsidian":10,"fvtm:vehicle_lift":1,"minecraft:iron_helmet":1,"iceandfire:ghost_chest":2,"minecraft:furnace":6,"minecraft:oak_sapling":26,"simpleores:adamantium_sword":338,"minecraft:egg":3,"minecraft:diorite":15,"furnitura:wooden_couch_single_white":1,"minecraft:stone_pickaxe":14,"minecraft:oak_planks":143,"minecraft:wooden_pickaxe":43,"gep:cola":1,"minecraft:bread":10,"car:asphalt_slope":61,"minecraft:gravel":14,"minecraft:lilac":13,"minecraft:wooden_sword":76,"car:asphalt_slab":869,"minecraft:andesite":24,"minecraft:oak_boat":1,"minecraft:bone_meal":63,"car:asphalt_slope_flat_upper":6,"minecraft:oak_fence":1,"iceandfire:silver_sword":13,"minecraft:flint_and_steel":8,"minecraft:stone_shovel":280,"car:car_workshop_outter":8,"minecraft:wooden_shovel":51,"minecraft:netherrack":235,"minecraft:oak_door":6,"minecraft:torch":48,"minecraft:dirt":1187,"minecraft:iron_axe":694,"minecraft:oak_stairs":11,"minecraft:basalt":1,"tombstone:gift":6,"minecraft:cooked_beef":34,"minecraft:cobbled_deepslate":24,"minecraft:wheat_seeds":37,"minecraft:cooked_mutton":25,"minecraft:bundle":3,"minecraft:stonecutter":1,"minecraft:cobblestone_slab":56,"minecraft:crafting_table":11,"vanillaplustools:stone_shovel":32,"minecraft:white_bed":2,"fvtm:road_tool":3,"minecraft:oak_log":29,"minecraft:wooden_hoe":1,"minecraft:diamond_pickaxe":680,"minecraft:apple":5,"minecraft:iron_pickaxe":2941,"car:car_workshop":1,"minecraft:pink_petals":291,"minecraft:cobblestone":547,"minecraft:cooked_porkchop":21,"alexsmobs:animal_dictionary":1},"minecraft:custom":{"minecraft:interact_with_crafting_table":101,"minecraft:open_barrel":2,"minecraft:leave_game":11,"minecraft:time_since_death":42823,"minecraft:sprint_one_cm":1891567,"minecraft:damage_blocked_by_shield":2595,"minecraft:drop":88,"minecraft:talked_to_villager":3,"minecraft:play_time":728820,"minecraft:deaths":9,"minecraft:jump":10375,"minecraft:walk_on_water_one_cm":87043,"minecraft:interact_with_furnace":136,"minecraft:sleep_in_bed":22,"minecraft:damage_dealt":24937,"minecraft:player_kills":2,"minecraft:crouch_one_cm":95647,"tombstone:undead_killed":58,"minecraft:horse_one_cm":11406,"minecraft:mob_kills":167,"minecraft:walk_one_cm":1440183,"minecraft:sneak_time":27805,"minecraft:walk_under_water_one_cm":82179,"minecraft:boat_one_cm":309791,"minecraft:total_world_time":728820,"tombstone:raider_killed":3,"minecraft:interact_with_stonecutter":3,"minecraft:time_since_rest":42599,"minecraft:damage_taken":6793,"minecraft:trigger_trapped_chest":9,"minecraft:swim_one_cm":140680,"minecraft:fly_one_cm":2484579,"minecraft:open_chest":109,"minecraft:fall_one_cm":258837},"minecraft:dropped":{"aether:white_cape":1,"minecraft:glow_ink_sac":10,"minecraft:ender_pearl":2,"minecraft:crafting_table":1,"minecraft:cooked_porkchop":5,"minecraft:leather":10,"iceandfire:ectoplasm":5,"gep:cola":1,"iceandfire:graveyard_soil":1,"minecraft:dirt":20,"minecraft:cornflower":2,"minecraft:cherry_leaves":1,"minecraft:white_wool":2,"minecraft:bone":45,"minecraft:gravel":16,"minecraft:cherry_sapling":1,"minecraft:rotten_flesh":25,"minecraft:oak_planks":4,"minecraft:azure_bluet":2,"minecraft:arrow":4,"minecraft:iron_ingot":1,"minecraft:wheat_seeds":9,"minecraft:stick":4,"tombstone:magic_scroll":1,"minecraft:wooden_hoe":1,"minecraft:torch":1,"tombstone:grave_dust":3,"minecraft:string":1,"minecraft:redstone":28,"minecraft:furnace":1,"car:canola_seeds":3,"minecraft:stone_shovel":2,"minecraft:light_gray_wool":1,"minecraft:shears":2,"minecraft:pumpkin_seeds":21,"minecraft:cobblestone_slab":266,"minecraft:stone":1,"aether:iron_gloves":1,"minecraft:andesite":37,"minecraft:oak_sapling":9,"minecraft:spider_eye":2,"minecraft:bow":1,"minecraft:raw_gold":13,"minecraft:red_tulip":6},"minecraft:mined":{"minecraft:large_amethyst_bud":2,"simpleores:onyx_ore":2,"minecraft:white_bed":1,"minecraft:oak_sapling":4,"minecraft:cherry_log":178,"minecraft:obsidian":8,"minecraft:granite":40,"minecraft:budding_amethyst":1,"minecraft:grass_block":987,"minecraft:tall_seagrass":2,"minecraft:magma_block":1,"minecraft:glowstone":94,"minecraft:cobbled_deepslate":1,"minecraft:iron_ore":173,"minecraft:fire":31,"minecraft:pumpkin":8,"minecraft:azure_bluet":2,"minecraft:red_tulip":3,"minecraft:dirt_path":13,"minecraft:small_amethyst_bud":1,"minecraft:oak_stairs":1,"minecraft:deepslate_redstone_ore":9,"minecraft:blackstone":3,"minecraft:medium_amethyst_bud":2,"minecraft:amethyst_cluster":1,"minecraft:torch":3,"minecraft:poppy":1,"iceandfire:ghost_chest":1,"minecraft:nether_quartz_ore":244,"minecraft:cobblestone":497,"minecraft:oak_planks":39,"minecraft:wall_torch":5,"minecraft:pink_petals":97,"minecraft:warped_nylium":1,"minecraft:wheat":35,"minecraft:lilac":16,"minecraft:warped_fungus":1,"minecraft:stone_brick_stairs":1,"minecraft:grass":133,"minecraft:oak_log":238,"minecraft:beetroots":5,"car:asphalt_slope_flat_upper":6,"minecraft:sand":32,"minecraft:dirt":261,"minecraft:netherrack":285,"minecraft:oak_leaves":109,"minecraft:deepslate":47,"minecraft:nether_gold_ore":3,"minecraft:diamond_ore":2,"minecraft:tuff":1,"minecraft:oak_door":5,"minecraft:cherry_sapling":15,"car:asphalt":242,"minecraft:furnace":1,"minecraft:carrots":3,"minecraft:andesite":134,"minecraft:gold_block":2,"minecraft:cobblestone_slab":138,"minecraft:vine":1,"minecraft:stone":1336,"minecraft:basalt":18,"minecraft:dandelion":3,"minecraft:oak_fence":1,"minecraft:crafting_table":4,"minecraft:tall_grass":17,"minecraft:copper_ore":3,"minecraft:lapis_ore":10,"minecraft:deepslate_gold_ore":19,"minecraft:diorite":35,"minecraft:warped_wart_block":1,"minecraft:birch_leaves":3,"minecraft:coal_ore":163,"car:asphalt_slope":37,"minecraft:cherry_leaves":24,"minecraft:gravel":65,"car:asphalt_slab":50,"minecraft:gold_ore":10},"minecraft:crafted":{"minecraft:black_dye":12,"minecraft:oak_planks":308,"minecraft:stone":12,"securitycraft:keypad_item":1,"car:wheel":3,"car:small_tank":1,"minecraft:heavy_weighted_pressure_plate":1,"minecraft:cooked_mutton":24,"securitycraft:laser_block":1,"minecraft:quartz_block":61,"minecraft:glass":9,"minecraft:iron_boots":1,"tombstone:grave_key":1,"minecraft:chest":6,"iceandfire:ghost_chest":1,"vanillaplustools:stone_shovel":4,"minecraft:black_wool":11,"minecraft:oak_fence":3,"car:car_workshop_outter":8,"minecraft:wooden_shovel":1,"simpleores:adamantium_sword":1,"minecraft:cooked_porkchop":28,"minecraft:crafting_table":7,"minecraft:wooden_pickaxe":1,"minecraft:iron_helmet":1,"car:tank":1,"minecraft:pumpkin_seeds":32,"car:asphalt_slope_flat_upper":4,"furnitura:wooden_couch_single_white":1,"car:asphalt_slope":24,"minecraft:wooden_hoe":1,"minecraft:iron_chestplate":1,"minecraft:shield":1,"minecraft:stick":92,"minecraft:iron_ingot":226,"minecraft:iron_pickaxe":12,"minecraft:iron_block":9,"minecraft:gold_ingot":16,"car:engine_3_cylinder":1,"minecraft:shears":1,"securitycraft:universal_block_reinforcer_lvl1":1,"minecraft:wooden_sword":1,"minecraft:stone_shovel":39,"minecraft:furnace":21,"minecraft:stone_button":8,"car:asphalt":704,"minecraft:piston":1,"car:oak_body":1,"minecraft:bone_meal":63,"minecraft:flint_and_steel":1,"car:screw_driver":1,"car:asphalt_slab":822,"minecraft:iron_axe":3,"minecraft:stone_pickaxe":1,"minecraft:redstone_block":1,"car:iron_stick":8,"minecraft:cooked_beef":63,"car:car_workshop":1,"car:engine_piston":3,"minecraft:glowstone":71,"minecraft:bread":8,"minecraft:air":0,"minecraft:oak_boat":1,"minecraft:oak_stairs":12,"minecraft:iron_shovel":3,"minecraft:iron_leggings":1,"minecraft:stonecutter":1,"minecraft:white_bed":1,"minecraft:torch":40},"minecraft:killed_by":{"minecraft:creeper":1,"minecraft:zombie":2,"minecraft:spider":1,"minecraft:skeleton":2,"iceandfire:ghost":1},"minecraft:broken":{"minecraft:iron_shovel":3,"minecraft:iron_boots":1,"minecraft:wooden_sword":1,"minecraft:stone_shovel":2,"minecraft:shield":1,"minecraft:iron_axe":2,"minecraft:iron_pickaxe":11},"minecraft:picked_up":{"minecraft:wheat":26,"car:asphalt_slope":37,"minecraft:lead":2,"aether:iron_gloves":1,"minecraft:oak_stairs":1,"minecraft:enchanted_book":1,"minecraft:string":11,"minecraft:raw_copper":12,"minecraft:beetroot":5,"minecraft:gold_nugget":10,"minecraft:cobbled_deepslate":48,"minecraft:bucket":1,"minecraft:cobblestone_slab":144,"minecraft:furnace":2,"minecraft:stick":79,"iceandfire:ghost_chest":2,"minecraft:oak_fence":1,"minecraft:torch":10,"minecraft:porkchop":36,"minecraft:cherry_log":177,"tombstone:grave_dust":5,"minecraft:diorite":35,"minecraft:rotten_flesh":52,"minecraft:red_tulip":6,"minecraft:obsidian":9,"minecraft:cobblestone":1838,"minecraft:pink_petals":291,"minecraft:magma_block":1,"minecraft:cooked_beef":6,"minecraft:feather":5,"minecraft:lilac":13,"minecraft:water_bucket":1,"minecraft:andesite":134,"minecraft:flint":5,"minecraft:lapis_lazuli":67,"minecraft:dirt":1233,"securitycraft:reinforced_stone_button":8,"minecraft:bone":58,"minecraft:bow":1,"minecraft:wheat_seeds":120,"minecraft:raw_gold":42,"minecraft:glowstone_dust":284,"minecraft:oak_planks":39,"minecraft:cooked_porkchop":3,"car:canola_seeds":5,"minecraft:warped_wart_block":1,"minecraft:sand":29,"minecraft:ink_sac":13,"alexsmobs:animal_dictionary":1,"minecraft:bundle":2,"simpleores:onyx_gem":2,"minecraft:diamond":2,"minecraft:granite":40,"minecraft:oak_sapling":105,"minecraft:netherrack":243,"minecraft:diamond_pickaxe":1,"minecraft:crafting_table":5,"minecraft:azure_bluet":2,"minecraft:chicken":4,"minecraft:gold_block":2,"minecraft:cornflower":2,"minecraft:blackstone":1,"iceandfire:graveyard_soil":1,"minecraft:beef":63,"car:asphalt_slope_flat_upper":6,"minecraft:poppy":2,"minecraft:light_gray_wool":2,"minecraft:egg":3,"minecraft:raw_iron":172,"minecraft:oak_door":6,"minecraft:carrot":10,"minecraft:redstone":68,"minecraft:stone_shovel":2,"minecraft:arrow":12,"minecraft:beetroot_seeds":12,"minecraft:shears":1,"minecraft:mutton":39,"aether:white_cape":1,"minecraft:white_wool":21,"minecraft:basalt":17,"minecraft:glow_ink_sac":15,"minecraft:leather":41,"minecraft:oak_log":239,"iceandfire:ectoplasm":10,"minecraft:gunpowder":2,"minecraft:wooden_hoe":1,"minecraft:white_banner":1,"minecraft:cooked_mutton":1,"minecraft:apple":6,"minecraft:iron_ingot":44,"car:asphalt_slab":56,"minecraft:oak_slab":1,"minecraft:warped_fungus":1,"minecraft:pumpkin":8,"minecraft:quartz":244,"minecraft:dandelion":3,"minecraft:gravel":77,"minecraft:amethyst_shard":4,"car:asphalt":242,"minecraft:white_bed":1,"minecraft:spider_eye":5,"minecraft:pumpkin_seeds":5,"minecraft:cherry_sapling":43,"minecraft:gray_wool":2,"tombstone:magic_scroll":2,"minecraft:black_wool":3,"minecraft:coal":160},"minecraft:killed":{"minecraft:spider":13,"minecraft:skeleton":15,"minecraft:chicken":4,"minecraft:pig":20,"minecraft:sheep":26,"minecraft:pillager":3,"minecraft:zombie":38,"minecraft:cow":27,"minecraft:horse":2,"alexsmobs:bison":2,"minecraft:squid":7,"iceandfire:ghost":5}},"DataVersion":3465}