{"stats":{"minecraft:killed":{"minecraft:spider":9,"minecraft:skeleton":8,"minecraft:horse":2,"minecraft:pig":4,"minecraft:squid":4,"minecraft:sheep":15,"minecraft:zombie":16,"minecraft:cow":10},"minecraft:used":{"minecraft:iron_shovel":683,"minecraft:flint_and_steel":7,"minecraft:chest":2,"minecraft:shield":37,"fvtm:asphalt_0":3,"minecraft:wooden_shovel":51,"minecraft:rotten_flesh":3,"minecraft:oak_door":6,"car:asphalt":169,"minecraft:torch":35,"minecraft:dirt":177,"minecraft:iron_axe":139,"fvtm:vehicle_lift":1,"minecraft:iron_helmet":1,"minecraft:furnace":4,"minecraft:oak_sapling":26,"simpleores:adamantium_sword":54,"tombstone:gift":3,"minecraft:egg":3,"minecraft:cooked_beef":16,"minecraft:cooked_mutton":15,"minecraft:stone_pickaxe":14,"minecraft:wooden_pickaxe":43,"minecraft:cobblestone_slab":56,"minecraft:stonecutter":1,"minecraft:crafting_table":5,"minecraft:white_bed":2,"fvtm:road_tool":3,"minecraft:apple":3,"gep:cola":1,"minecraft:bread":2,"minecraft:iron_pickaxe":1004,"minecraft:gravel":12,"minecraft:wooden_sword":76,"minecraft:cobblestone":324},"minecraft:dropped":{"minecraft:iron_ingot":1,"minecraft:wheat_seeds":6,"minecraft:ender_pearl":1,"gep:cola":1,"minecraft:cornflower":2,"tombstone:grave_dust":3,"minecraft:white_wool":2,"minecraft:bone":3,"minecraft:gravel":2,"minecraft:light_gray_wool":1,"minecraft:azure_bluet":2,"minecraft:shears":2,"minecraft:cobblestone_slab":266,"minecraft:stone":1,"minecraft:andesite":37,"minecraft:arrow":2},"minecraft:custom":{"minecraft:mob_kills":70,"minecraft:interact_with_crafting_table":37,"minecraft:leave_game":8,"minecraft:time_since_death":134031,"minecraft:sprint_one_cm":663704,"minecraft:walk_one_cm":518388,"minecraft:damage_blocked_by_shield":2595,"minecraft:drop":26,"minecraft:play_time":263476,"minecraft:deaths":6,"minecraft:sneak_time":5455,"minecraft:walk_under_water_one_cm":36197,"minecraft:jump":4001,"minecraft:walk_on_water_one_cm":27415,"minecraft:total_world_time":263476,"minecraft:interact_with_furnace":73,"minecraft:interact_with_stonecutter":2,"minecraft:sleep_in_bed":14,"minecraft:time_since_rest":2036,"minecraft:damage_taken":3206,"minecraft:damage_dealt":9415,"minecraft:fly_one_cm":1015368,"minecraft:swim_one_cm":46248,"minecraft:player_kills":2,"minecraft:open_chest":6,"minecraft:crouch_one_cm":13547,"tombstone:undead_killed":24,"minecraft:fall_one_cm":101681},"minecraft:killed_by":{"minecraft:creeper":1,"minecraft:spider":1,"minecraft:skeleton":2,"minecraft:zombie":2},"minecraft:picked_up":{"minecraft:crafting_table":2,"minecraft:azure_bluet":2,"minecraft:cornflower":2,"minecraft:string":5,"minecraft:cobbled_deepslate":1,"minecraft:beef":16,"minecraft:cobblestone_slab":2,"minecraft:poppy":1,"minecraft:light_gray_wool":1,"minecraft:egg":3,"minecraft:stick":12,"minecraft:raw_iron":68,"minecraft:oak_door":6,"minecraft:torch":4,"minecraft:porkchop":6,"tombstone:grave_dust":2,"minecraft:diorite":1,"minecraft:redstone":40,"minecraft:rotten_flesh":16,"minecraft:arrow":7,"minecraft:shears":1,"minecraft:mutton":23,"minecraft:white_wool":12,"minecraft:cobblestone":848,"minecraft:cooked_beef":2,"minecraft:glow_ink_sac":5,"minecraft:andesite":37,"minecraft:leather":13,"minecraft:flint":2,"minecraft:oak_log":36,"minecraft:dirt":648,"minecraft:cooked_mutton":1,"minecraft:bone":13,"minecraft:apple":3,"minecraft:wheat_seeds":19,"minecraft:raw_gold":13,"minecraft:iron_ingot":1,"minecraft:dandelion":1,"minecraft:gravel":21,"car:asphalt":1,"minecraft:ink_sac":7,"minecraft:white_bed":1,"minecraft:spider_eye":3,"minecraft:gray_wool":2,"tombstone:magic_scroll":1,"minecraft:oak_sapling":42,"minecraft:black_wool":2,"minecraft:coal":51},"minecraft:mined":{"minecraft:tuff":1,"minecraft:white_bed":1,"minecraft:oak_sapling":4,"minecraft:oak_door":5,"car:asphalt":1,"minecraft:grass_block":505,"minecraft:tall_seagrass":2,"minecraft:iron_ore":68,"minecraft:fire":7,"minecraft:andesite":37,"minecraft:cobblestone_slab":2,"minecraft:dirt_path":12,"minecraft:stone":610,"minecraft:deepslate_redstone_ore":9,"minecraft:crafting_table":2,"minecraft:torch":1,"minecraft:cobblestone":230,"minecraft:tall_grass":8,"minecraft:deepslate_gold_ore":13,"minecraft:diorite":1,"minecraft:wall_torch":1,"minecraft:grass":81,"minecraft:oak_log":33,"minecraft:coal_ore":51,"minecraft:gravel":19,"minecraft:dirt":169,"minecraft:oak_leaves":20,"minecraft:deepslate":1},"minecraft:crafted":{"minecraft:wooden_sword":1,"minecraft:oak_planks":84,"minecraft:furnace":20,"car:asphalt":168,"minecraft:stone":4,"minecraft:cooked_mutton":14,"minecraft:flint_and_steel":1,"minecraft:iron_boots":1,"minecraft:iron_axe":1,"tombstone:grave_key":1,"minecraft:stone_pickaxe":1,"minecraft:chest":2,"minecraft:cooked_beef":16,"minecraft:wooden_shovel":1,"simpleores:adamantium_sword":1,"minecraft:crafting_table":4,"minecraft:wooden_pickaxe":1,"minecraft:iron_helmet":1,"minecraft:air":0,"minecraft:iron_chestplate":1,"minecraft:shield":1,"minecraft:stick":32,"minecraft:iron_pickaxe":5,"minecraft:iron_ingot":61,"minecraft:iron_shovel":3,"minecraft:iron_leggings":1,"minecraft:stonecutter":1,"minecraft:white_bed":1,"minecraft:torch":32,"minecraft:shears":1},"minecraft:broken":{"minecraft:iron_shovel":2,"minecraft:shield":1,"minecraft:wooden_sword":1,"minecraft:iron_pickaxe":4}},"DataVersion":3465}