{"stats":{"minecraft:dropped":{"minecraft:wheat_seeds":1},"minecraft:killed_by":{"minecraft:player":2},"minecraft:mined":{"minecraft:grass":11,"minecraft:tall_grass":2,"minecraft:oak_leaves":2},"minecraft:picked_up":{"minecraft:wheat_seeds":3,"minecraft:gravel":1,"minecraft:cobblestone":1},"minecraft:custom":{"minecraft:time_since_rest":2335,"minecraft:crouch_one_cm":49,"minecraft:play_time":4138,"minecraft:sprint_one_cm":11886,"minecraft:walk_one_cm":18627,"minecraft:damage_taken":516,"minecraft:deaths":2,"minecraft:sneak_time":20,"minecraft:drop":1,"minecraft:jump":128,"minecraft:damage_dealt":190,"minecraft:leave_game":1,"minecraft:time_since_death":2306,"minecraft:total_world_time":4138,"minecraft:fall_one_cm":3307,"minecraft:fly_one_cm":33272,"minecraft:horse_one_cm":267}},"DataVersion":3465}